dp,cod_mpio,mpio,año,analfabetismo_,bajo_logro_educativo,barreras_primera_infancia,barreras_salud,dependencia_económica,hacinamiento,inadecuada_elim_excretas,inasistencia_escolar,paredes_inadecuadas,pisos_inadecuados,rezago_escolar,sin_acceso_agua_mejorada,sin_salud,trabajo_infantil,empleo_informal
11,11001,BOGOTA,2018,2.8,26.2,1.8,4.3,18.9,5.6,0.7,1.9,0.3,0.3,11.5,0.5,18.7,0.5,69.1
25,25001,AGUA DE DIOS,2018,9.6,55.7,0.9,1.2,33.2,7.8,3.4,1.8,1.2,2.6,9.2,3.9,12.0,0.4,80.2
25,25019,ALBAN,2018,9.8,65.0,0.9,9.5,29.0,4.6,5.7,2.1,1.9,2.5,16.5,16.8,13.3,0.6,79.5
25,25035,ANAPOIMA,2018,9.2,58.9,1.4,4.2,21.9,7.9,6.6,2.1,5.4,4.5,14.5,23.2,13.6,1.2,77.3
25,25040,ANOLAIMA,2018,14.1,67.9,1.5,3.1,27.3,5.3,8.9,2.0,3.3,5.7,11.9,12.1,12.2,0.9,85.6
25,25053,ARBELAEZ,2018,8.2,60.1,1.3,1.8,25.7,6.2,4.4,3.6,1.9,5.6,16.0,11.4,12.0,1.5,84.0
25,25086,BELTRAN,2018,18.9,74.8,0.6,1.5,48.1,6.7,7.9,1.7,0.9,4.4,17.1,20.0,12.5,0.8,78.9
25,25095,BITUIMA,2018,16.9,78.4,0.7,0.2,26.4,3.7,9.5,2.7,1.1,8.1,13.5,27.8,12.6,1.3,86.1
25,25099,BOJACA,2018,7.3,52.7,1.8,9.0,20.9,8.8,1.5,2.5,0.9,0.8,18.4,5.4,16.2,1.1,70.0
25,25120,CABRERA,2018,11.7,72.1,1.0,4.5,28.6,7.6,8.9,3.2,1.4,2.8,16.1,61.3,13.0,4.5,93.1
25,25123,CACHIPAY,2018,12.0,63.7,1.1,4.6,24.5,5.0,6.1,2.0,4.6,3.8,12.3,9.3,13.3,1.6,84.6
25,25126,CAJICA,2018,2.6,24.7,2.0,3.9,16.9,4.1,0.6,2.5,0.3,0.2,15.6,0.3,14.3,0.8,67.2
25,25148,CAPARRAPI,2018,19.4,81.1,1.5,0.8,27.6,3.5,22.1,8.7,2.9,25.6,14.2,44.9,11.5,2.5,93.0
25,25151,CAQUEZA,2018,6.3,60.0,2.4,1.3,28.8,5.1,5.1,4.1,0.4,3.1,9.3,36.4,10.9,0.9,85.0
25,25154,CARMEN DE CARUPA,2018,9.8,78.8,2.0,1.7,46.8,7.3,9.0,3.5,0.4,8.0,14.1,15.2,9.6,1.8,88.0
25,25168,CHAGUANI,2018,20.5,76.4,1.1,40.2,44.3,3.3,16.1,1.5,3.3,27.8,13.6,49.4,10.3,0.6,89.6
25,25175,CHIA,2018,2.6,23.9,1.6,4.0,18.5,4.5,2.8,1.8,0.6,0.2,13.3,0.4,16.2,0.5,69.6
25,25178,CHIPAQUE,2018,8.6,69.5,1.5,0.9,34.5,7.7,5.0,3.1,0.4,5.6,17.1,42.4,11.2,1.6,86.9
25,25181,CHOACHI,2018,5.7,61.1,1.4,5.6,36.4,5.1,6.4,1.8,0.6,2.3,10.8,12.2,12.1,1.3,86.2
25,25183,CHOCONTA,2018,9.4,65.1,1.9,6.0,30.0,9.3,5.3,3.8,0.3,2.6,22.8,12.3,11.8,2.1,81.8
25,25200,COGUA,2018,6.8,51.5,1.7,5.1,23.2,4.5,0.6,1.9,0.0,0.3,13.3,3.3,13.3,0.7,72.6
25,25214,COTA,2018,3.5,28.2,1.6,6.6,17.1,6.5,3.2,1.6,0.7,0.3,18.4,3.9,15.1,0.8,70.4
25,25224,CUCUNUBA,2018,13.3,71.0,1.8,6.5,34.9,6.8,9.4,2.8,0.6,7.9,18.2,11.9,10.3,1.4,63.5
25,25245,EL COLEGIO,2018,11.5,63.7,1.1,3.6,26.9,4.2,1.7,2.3,1.4,2.8,11.4,4.3,13.1,0.7,82.4
25,25258,EL PENON,2018,21.0,80.8,1.5,0.3,42.8,2.7,9.5,6.1,11.3,30.6,9.6,69.2,8.5,0.7,93.0
25,25260,EL ROSAL,2018,3.4,51.0,2.4,3.1,17.5,13.4,0.3,3.6,0.1,0.1,15.3,2.0,15.4,1.1,64.0
25,25269,FACATATIVA,2018,4.4,36.1,2.0,3.9,19.4,6.4,0.6,2.4,0.4,0.4,13.2,1.9,16.4,0.8,68.5
25,25279,FOMEQUE,2018,8.9,70.2,2.1,16.3,27.8,4.7,4.7,3.8,0.5,4.6,13.3,10.7,11.8,2.4,87.1
25,25281,FOSCA,2018,9.4,78.7,1.4,2.0,40.2,7.4,6.8,5.6,0.1,6.7,18.1,63.9,6.7,3.0,90.6
25,25286,FUNZA,2018,3.0,28.6,1.9,2.3,18.0,6.0,0.4,2.8,0.2,0.1,15.8,0.3,15.4,0.5,66.3
25,25288,FUQUENE,2018,11.4,67.8,1.6,2.9,27.3,3.8,2.7,3.0,0.4,1.4,19.4,19.9,11.5,1.3,81.4
25,25290,FUSAGASUGA,2018,5.3,43.3,1.6,2.4,26.6,4.6,1.3,2.7,0.5,0.5,9.7,2.4,15.7,0.8,80.7
25,25293,GACHALA,2018,14.4,70.1,0.6,10.0,57.4,5.9,17.9,1.7,2.1,15.2,14.6,53.3,9.9,0.7,87.8
25,25295,GACHANCIPA,2018,4.9,40.3,3.1,1.1,20.0,8.3,0.9,2.7,0.3,0.3,20.1,2.1,14.8,0.9,61.2
25,25297,GACHETA,2018,11.5,68.9,1.4,1.6,48.5,5.2,14.6,3.6,0.7,8.9,11.6,43.1,11.6,0.6,85.9
25,25299,GAMA,2018,9.0,74.0,1.1,1.2,45.7,3.7,8.7,5.2,0.2,6.9,10.6,69.0,10.2,1.2,87.4
25,25307,GIRARDOT,2018,6.5,40.1,1.7,3.0,25.7,8.5,1.5,4.0,2.2,1.8,9.0,0.6,15.9,0.7,78.6
25,25312,GRANADA,2018,7.8,60.0,2.0,4.6,20.9,4.7,3.3,2.2,1.0,1.1,16.5,14.4,14.6,1.9,84.6
25,25317,GUACHETA,2018,10.8,70.3,1.5,0.5,36.6,10.7,8.4,3.7,0.4,3.0,14.8,9.1,10.5,0.7,68.9
25,25320,GUADUAS,2018,12.1,61.9,2.2,4.4,28.5,5.3,6.6,2.6,2.5,5.3,13.3,28.5,16.7,1.0,80.2
25,25322,GUASCA,2018,7.5,54.3,2.4,3.7,17.1,5.0,2.5,2.4,0.4,0.5,18.4,7.7,17.7,1.7,71.8
25,25324,GUATAQUI,2018,16.3,72.9,0.7,4.8,51.9,9.0,9.8,1.7,1.7,5.2,9.4,22.4,9.7,0.4,83.1
25,25326,GUATAVITA,2018,8.0,61.4,1.7,21.7,38.3,4.5,12.3,1.5,0.1,2.3,15.7,18.1,12.8,0.7,80.9
25,25328,GUAYABAL DE SIQUIMA,2018,12.4,70.8,1.1,2.6,40.9,4.8,5.3,1.7,2.5,4.7,13.1,19.2,11.8,0.8,86.4
25,25335,GUAYABETAL,2018,9.9,64.5,1.9,2.5,31.1,5.5,2.3,2.0,0.8,5.5,17.1,49.1,12.0,1.3,76.5
25,25339,GUTIERREZ,2018,9.5,69.0,1.8,13.0,29.5,9.3,3.2,3.6,0.8,4.8,14.3,52.5,9.2,4.4,92.3
25,25368,JERUSALEN,2018,13.7,75.6,1.4,1.1,34.6,6.6,10.2,1.8,1.7,12.7,11.9,57.5,8.3,0.8,88.1
25,25372,JUNIN,2018,10.4,76.4,1.7,0.6,75.4,3.6,15.7,6.1,0.5,12.0,10.6,45.3,13.9,0.2,92.7
25,25377,LA CALERA,2018,3.2,32.9,1.9,4.0,18.9,2.8,1.3,1.5,0.3,0.4,13.3,10.7,13.7,0.5,70.4
25,25386,LA MESA,2018,9.7,53.6,1.4,4.3,21.3,5.3,4.6,2.5,4.0,4.8,12.4,10.0,12.7,0.8,80.2
25,25394,LA PALMA,2018,26.8,74.5,1.3,1.8,34.6,3.1,12.6,3.0,8.2,26.8,6.7,42.1,10.3,0.6,89.5
25,25398,LA PENA,2018,25.5,84.7,0.9,0.8,27.4,3.3,29.0,2.0,11.0,33.8,11.4,68.5,9.3,1.7,94.2
25,25402,LA VEGA,2018,10.2,57.5,1.6,3.5,22.5,4.5,3.3,2.2,2.1,2.5,15.3,25.3,12.9,1.7,81.9
25,25407,LENGUAZAQUE,2018,9.0,75.3,1.6,2.7,41.3,7.3,12.7,2.8,0.4,2.2,18.2,24.5,10.3,1.0,67.7
25,25426,MACHETA,2018,14.3,74.8,1.4,3.2,35.4,6.4,17.7,3.1,0.7,21.4,15.6,34.9,11.4,1.4,89.0
25,25430,MADRID,2018,3.8,33.6,2.2,5.6,17.7,7.4,0.2,2.9,0.2,0.1,17.7,0.7,15.8,0.9,62.2
25,25436,MANTA,2018,15.8,77.1,0.8,2.4,40.5,2.9,9.2,1.4,0.2,14.6,11.8,26.1,10.6,0.5,88.8
25,25438,MEDINA,2018,12.7,72.4,1.4,6.1,34.7,9.6,7.8,4.7,1.8,15.7,18.0,35.8,11.7,2.3,88.2
25,25473,MOSQUERA,2018,2.7,27.4,2.3,7.4,18.9,5.8,0.3,3.2,0.1,0.1,17.4,1.3,16.7,0.6,66.3
25,25483,NARINO,2018,19.3,71.2,0.7,0.8,40.1,9.4,5.3,1.2,0.9,2.4,9.3,23.7,10.0,0.5,82.3
25,25486,NEMOCON,2018,6.9,55.7,3.2,1.8,21.4,6.5,0.8,2.5,0.2,0.4,18.2,1.0,13.9,1.6,67.4
25,25488,NILO,2018,9.1,47.3,2.0,2.0,32.9,4.6,1.8,2.6,2.5,2.9,12.0,24.6,16.6,0.4,82.6
25,25489,NIMAIMA,2018,19.7,73.0,1.0,0.5,27.6,3.2,6.3,1.5,4.6,11.4,9.8,33.4,10.2,1.1,87.3
25,25491,NOCAIMA,2018,8.7,66.0,1.2,7.0,26.7,4.3,6.9,1.9,4.4,10.9,6.9,38.2,11.9,0.9,85.4
25,25506,VENECIA,2018,14.4,73.8,1.1,13.5,24.4,5.6,8.1,3.4,2.1,3.1,12.0,38.9,14.1,1.6,91.5
25,25513,PACHO,2018,12.9,64.4,1.3,4.7,30.5,4.7,7.3,2.6,2.4,5.0,14.2,29.8,12.4,1.1,84.5
25,25518,PAIME,2018,22.7,79.6,1.0,1.5,43.0,4.6,31.0,3.3,6.6,19.2,16.5,71.3,14.3,1.5,92.0
25,25524,PANDI,2018,12.0,74.4,1.6,5.8,30.4,6.2,8.7,2.7,1.9,5.9,13.8,38.1,12.8,1.6,90.3
25,25530,PARATEBUENO,2018,12.2,69.6,3.1,10.0,30.8,11.6,6.4,5.5,3.8,7.2,21.5,24.4,20.5,2.1,76.1
25,25535,PASCA,2018,12.3,76.8,1.4,2.9,24.8,6.4,9.2,3.9,0.9,1.8,22.4,26.3,12.5,4.0,94.1
25,25572,PUERTO SALGAR,2018,14.5,55.5,2.3,3.3,38.2,10.1,5.4,2.2,1.5,4.2,14.2,7.9,23.4,0.6,83.6
25,25580,PULI,2018,19.3,81.0,0.9,1.3,32.6,2.8,12.9,2.4,1.0,12.7,14.7,55.1,14.0,1.0,90.8
25,25592,QUEBRADANEGRA,2018,20.0,73.1,1.0,3.7,27.5,3.0,10.6,1.9,2.7,9.7,14.5,37.9,11.5,1.2,87.5
25,25594,QUETAME,2018,11.2,62.9,3.0,1.7,43.4,6.9,12.4,4.4,0.6,6.1,12.4,43.7,17.0,1.8,87.0
25,25596,QUIPILE,2018,20.9,81.6,1.2,5.6,33.6,4.8,32.6,2.4,4.4,20.0,15.0,25.6,13.4,0.9,92.3
25,25599,APULO,2018,13.5,66.2,1.2,1.0,32.3,10.4,7.3,2.1,10.4,14.3,11.3,28.7,11.9,0.7,82.2
25,25612,RICAURTE,2018,9.6,54.2,1.5,0.5,29.9,7.2,2.3,2.5,5.5,3.2,10.6,2.6,13.2,0.7,73.8
25,25645,SAN ANTONIO DEL TEQUENDAMA,2018,10.9,65.1,1.1,0.3,31.6,3.2,2.3,2.4,1.2,3.3,14.3,23.1,12.8,0.6,83.1
25,25649,SAN BERNARDO,2018,10.5,71.7,1.7,8.6,31.3,5.3,16.8,1.9,2.1,2.2,15.1,35.3,12.2,1.8,91.9
25,25653,SAN CAYETANO,2018,15.0,78.4,1.8,1.0,25.2,3.7,3.9,3.7,0.3,1.8,16.8,71.8,11.9,2.7,92.9
25,25658,SAN FRANCISCO,2018,8.4,56.4,1.6,2.0,28.2,4.7,4.3,2.5,1.1,1.8,8.9,18.8,13.4,0.9,81.3
25,25662,SAN JUAN DE RIO SECO,2018,18.0,73.3,1.5,2.1,33.0,4.1,7.8,3.5,1.6,10.8,12.5,32.9,13.9,0.7,85.7
25,25718,SASAIMA,2018,10.6,63.8,1.5,3.4,24.9,4.6,15.9,2.1,3.4,5.0,12.7,20.9,11.9,0.5,77.6
25,25736,SESQUILE,2018,7.0,52.3,2.6,3.4,26.6,4.2,1.5,1.8,0.2,1.0,18.4,12.3,16.6,0.8,73.9
25,25740,SIBATE,2018,4.5,41.5,2.2,6.4,23.8,6.4,0.8,5.1,0.3,0.8,16.0,0.5,16.5,1.2,76.6
25,25743,SILVANIA,2018,9.8,62.9,1.6,2.7,28.3,5.7,6.4,2.2,1.5,2.7,9.8,23.8,12.9,1.5,85.7
25,25745,SIMIJACA,2018,9.7,58.5,1.6,6.5,31.3,6.9,2.0,1.9,0.5,2.4,18.3,5.1,14.2,1.1,84.5
25,25754,SOACHA,2018,3.8,35.2,2.9,4.1,22.3,6.4,7.6,3.2,1.1,1.0,14.0,6.5,20.7,0.8,73.8
25,25758,SOPO,2018,3.5,30.2,1.5,7.0,15.7,4.6,1.4,1.9,0.2,0.1,15.4,1.7,16.1,0.6,67.9
25,25769,SUBACHOQUE,2018,6.1,55.0,1.3,4.8,18.7,3.3,1.0,2.0,0.5,0.3,11.3,4.6,14.7,1.5,76.7
25,25772,SUESCA,2018,6.2,56.5,2.7,3.8,20.9,6.1,1.6,2.5,0.3,1.2,13.9,1.4,14.7,0.9,66.6
25,25777,SUPATA,2018,12.2,71.0,1.3,9.1,25.3,4.3,6.2,2.9,2.7,7.8,14.4,25.4,12.2,2.1,87.9
25,25779,SUSA,2018,7.7,68.9,1.6,1.8,37.9,5.8,5.9,3.6,0.5,7.5,13.1,15.8,13.6,2.1,87.4
25,25781,SUTATAUSA,2018,12.0,67.3,1.4,5.1,30.2,5.5,2.7,2.4,0.5,2.0,18.9,6.0,12.1,1.0,68.3
25,25785,TABIO,2018,4.3,38.4,2.5,3.0,19.1,2.7,0.9,2.7,0.2,0.4,12.6,3.0,16.5,1.1,72.3
25,25793,TAUSA,2018,10.7,76.7,2.0,0.5,37.3,4.8,1.0,4.5,0.2,0.7,15.8,20.0,10.4,1.4,72.8
25,25797,TENA,2018,10.3,66.2,1.6,5.3,23.1,3.2,2.1,1.8,2.5,3.1,10.9,7.2,13.3,0.9,82.5
25,25799,TENJO,2018,4.2,41.8,1.5,6.8,17.8,4.5,1.1,2.7,0.4,0.8,14.4,0.7,14.8,1.2,68.4
25,25805,TIBACUY,2018,14.0,67.7,0.9,5.4,32.0,3.5,5.8,1.5,3.2,10.1,14.2,32.2,11.9,0.9,88.3
25,25807,TIBIRITA,2018,12.8,76.5,0.6,1.0,66.6,3.8,19.7,1.5,0.4,24.3,12.5,46.3,10.5,0.3,90.5
25,25815,TOCAIMA,2018,12.8,63.1,1.2,4.2,34.3,8.8,6.3,2.4,2.7,6.9,9.8,13.4,10.7,0.9,82.1
25,25817,TOCANCIPA,2018,3.7,33.6,2.9,4.7,17.6,5.7,0.6,2.3,0.1,0.2,17.1,0.4,14.8,0.7,63.8
25,25823,TOPAIPI,2018,23.0,82.1,0.7,5.5,28.1,2.4,22.6,1.4,16.9,26.5,16.0,63.7,11.1,1.2,91.9
25,25839,UBALA,2018,16.4,74.8,1.6,3.4,37.8,5.7,28.8,4.6,1.3,13.5,15.3,69.0,11.7,2.0,88.9
25,25841,UBAQUE,2018,12.9,77.2,1.2,2.8,34.1,5.3,8.2,4.4,4.2,13.4,10.2,37.6,10.5,2.4,89.8
25,25843,VILLA DE SAN DIEGO DE UBATE,2018,5.9,50.4,1.9,2.2,24.3,6.3,2.1,3.0,0.7,0.8,16.5,2.0,13.8,1.2,75.8
25,25845,UNE,2018,9.4,72.4,1.2,10.4,32.7,12.0,4.1,2.2,0.6,1.7,16.1,18.9,7.8,2.0,92.1
25,25851,UTICA,2018,20.6,71.7,1.1,2.2,31.4,6.9,18.4,1.0,7.6,12.1,11.4,34.8,9.6,0.5,88.2
25,25862,VERGARA,2018,21.6,82.4,1.0,0.2,44.4,3.5,17.0,3.1,12.7,32.5,8.8,60.0,9.0,0.7,92.7
25,25867,VIANI,2018,13.2,73.5,1.8,3.3,30.3,4.5,8.7,2.0,4.0,7.9,14.6,35.9,12.1,1.5,89.7
25,25871,VILLAGOMEZ,2018,15.8,70.4,0.6,10.2,28.2,4.3,6.4,1.9,5.1,4.5,18.0,49.4,13.5,1.3,88.2
25,25873,VILLAPINZON,2018,7.5,67.6,1.2,6.7,39.0,8.9,13.4,3.0,0.3,1.9,22.9,10.9,11.8,2.6,88.0
25,25875,VILLETA,2018,9.6,54.1,1.4,2.6,24.4,6.9,3.9,2.7,3.4,3.9,13.1,10.9,14.2,0.8,79.9
25,25878,VIOTA,2018,16.6,74.3,1.4,11.3,30.4,6.4,10.2,1.8,6.2,8.7,16.1,23.5,13.7,1.7,89.4
25,25885,YACOPI,2018,33.2,82.3,1.9,2.2,39.3,3.4,30.0,3.9,5.4,35.6,16.3,52.6,12.9,1.5,93.7
25,25898,ZIPACON,2018,10.9,61.0,1.9,0.4,24.1,5.1,2.2,2.2,2.0,2.1,16.9,12.8,12.4,1.0,81.7
25,25899,ZIPAQUIRA,2018,4.1,34.0,2.0,6.7,19.8,4.8,0.7,2.2,0.1,0.2,14.3,1.3,15.2,0.8,69.7
11,11001,Bogotá D.C.,2005,7.9459100000000005,42.11521,9.19136,4.29374,14.119629999999999,1.99177,4.61547,0.80824,0.67382,21.39328,1.45544,21.89555,27.419539999999998,2.56067,77.16046
25,25001,Agua de Dios,2005,20.0027,72.25178,8.18547,2.3239099999999997,17.81278,6.988379999999999,5.51392,2.06395,7.97741,24.048759999999998,11.991159999999999,9.32446,47.53663,1.10579,83.88168999999999
25,25019,Albán,2005,18.4454,84.94756,13.69525,10.42566,13.81863,13.57187,5.7372,3.26959,3.7014199999999997,25.293029999999998,25.97162,37.63109,47.00802,4.81184,91.7335
25,25035,Anapoima,2005,19.87902,79.95601,8.88095,3.60187,15.34232,19.19164,5.96646,9.43085,13.170200000000001,19.4391,23.86582,11.9879,41.7377,3.51938,91.09156
25,25040,Anolaima,2005,25.40541,83.75921,9.90172,7.39558,12.01474,18.99263,5.99509,4.103190000000001,11.597050000000001,19.45946,26.805899999999998,11.49877,45.87224,4.15233,95.74939
25,25053,Arbelaez,2005,14.96386,77.50661,10.51563,8.71067,15.831500000000002,11.56343,9.951590000000001,1.83339,11.22102,30.44751,23.75035,11.179310000000001,49.60638,7.21778,92.46538
25,25086,Beltran,2005,26.31579,88.90977,14.47368,7.14286,14.84962,9.962409999999998,8.646619999999999,3.38346,9.21053,27.81955,21.2406,11.65414,53.94736999999999,4.69925,97.36842
25,25095,Bituima,2005,29.390240000000002,90.0,7.31707,10.73171,10.36585,30.853659999999998,6.09756,2.56098,17.92683,21.95122,43.78049,19.7561,44.26829,6.2195100000000005,97.07317
25,25099,Bojacá,2005,14.83466,75.50865,12.25852,4.73765,24.24516,3.03252,5.31422,1.35784,2.0529200000000003,33.70727,12.89977,22.89683,38.26074,3.39759,74.61184
25,25120,Cabrera,2005,20.42658,87.77687,14.7662,6.1525799999999995,16.07875,29.286299999999997,10.25431,1.23052,6.07055,29.69647,66.11977,5.98852,45.20098,9.26989,98.19524
25,25123,Cachipay,2005,26.364569999999997,80.43254,10.12702,5.76725,13.18229,18.15997,7.895639999999999,5.355300000000001,8.2046,20.528660000000002,21.18091,21.48987,44.1126,4.66873,94.50738
25,25126,Cajicá,2005,9.53796,57.90798,12.214659999999999,2.64442,16.888,0.6486500000000001,4.35938,1.26598,0.52896,30.619049999999998,2.76301,16.56003,28.09761,2.7151,74.18831999999999
25,25148,Caparrapí,2005,34.32255,93.16468,12.065190000000001,8.27049,10.80029,60.593529999999994,9.87594,10.21649,42.27682,24.106060000000003,56.53126,10.21649,48.64996,6.78667,98.85673
25,25151,Cáqueza,2005,15.670319999999998,81.42594,14.041120000000001,1.37654,15.856349999999999,17.92795,5.80171,1.21862,10.60003,26.72391,56.74624,8.24983,50.30084,3.75526,94.17366
25,25154,Carmen De Carupa,2005,20.13233,91.49338,14.83932,6.569,21.17202,23.204159999999998,15.59546,0.23628999999999997,16.8242,26.27599,29.86767,14.60302,55.00945,7.84499,98.67675
25,25168,Chaguaní,2005,30.8547,89.05982999999999,11.53846,9.401710000000001,10.854700000000001,28.461540000000003,9.1453,3.5042700000000004,28.119660000000003,25.641029999999997,61.45299,9.82906,46.49573,6.49573,97.69231
25,25175,Chía,2005,5.3602799999999995,42.0969,7.93698,3.72648,13.602929999999999,1.6777199999999999,2.51849,1.09135,0.40507,24.88069,1.6281400000000001,14.166490000000001,26.11619,2.87321,71.55181999999999
25,25178,Chipaque,2005,13.907549999999999,84.9873,18.13412,5.18838,21.550459999999998,18.56149,8.66896,1.8199699999999999,9.26366,31.64006,52.296960000000006,14.55672,52.02091,4.78142,97.4124
25,25181,Choachi,2005,14.196819999999999,82.91113,14.883930000000001,4.90762,20.10285,15.563669999999998,7.085139999999999,1.7455800000000001,5.43775,28.150180000000002,34.22952,14.46665,46.36879,4.01961,95.0984
25,25183,Chocontá,2005,14.98245,82.58717,18.47589,17.70287,42.00738,20.228740000000002,9.41278,0.7790199999999999,11.33434,29.427599999999998,25.48294,18.57441,60.1278,4.76954,91.40769
25,25200,Cogua,2005,12.44997,74.63661,11.52307,4.6977,12.04972,3.11776,4.65557,0.31599,1.917,20.665680000000002,16.09438,17.08447,38.361070000000005,3.85507,79.41858
25,25214,Cota,2005,12.84529,57.715320000000006,9.70217,2.96875,14.58567,1.66042,4.72234,0.8094199999999999,0.72533,27.954469999999997,7.874820000000001,23.288619999999998,30.81819,3.6205000000000003,83.00499
25,25224,Cucunubá,2005,21.39334,89.58076,19.48212,4.0074,24.04439,30.70284,12.39211,0.67818,22.31813,25.52404,23.79778,18.74229,53.82244000000001,4.68557,87.17633000000001
25,25245,El Colegio,2005,21.911659999999998,78.72350999999999,7.01371,4.22725,12.479320000000001,3.34435,5.75829,4.7684,6.00487,17.89352,14.249049999999999,8.78968,47.78458,3.46386,93.48724
25,25258,El Peñón,2005,33.697880000000005,92.13944,11.34655,6.49351,12.44019,34.586470000000006,9.91114,15.584419999999998,43.74573,28.57143,58.85167,8.20232,43.67738,7.587149999999999,97.5393
25,25260,El Rosal,2005,10.13476,80.60079,14.12128,1.57215,31.021900000000002,0.8983700000000001,7.24312,0.6457,0.39303999999999994,22.43122,13.50365,16.22684,27.45649,3.59349,75.09826
25,25269,Facatativá,2005,7.17363,55.62087,10.88578,2.62745,18.38392,1.43415,4.97625,0.8514600000000001,0.73595,28.12947,5.36705,8.50986,27.15652,3.72218,66.77015
25,25279,Fomeque,2005,13.251959999999999,83.55129,11.07236,8.36966,15.75124,14.47254,8.04999,1.36588,21.09852,19.64545,21.36007,10.08428,44.49288,5.23104,93.98431000000001
25,25281,Fosca,2005,15.56052,88.9105,21.746209999999998,5.63374,21.97424,22.77166,15.38014,0.12422,18.996940000000002,34.87617,65.76661,3.93603,52.80384,9.033249999999999,96.41014999999999
25,25286,Funza,2005,8.190999999999999,54.711560000000006,10.91582,3.3836699999999995,18.90296,0.58157,4.7771099999999995,0.50264,0.25977,29.738179999999996,3.56357,14.83979,29.382160000000002,2.41608,67.51134
25,25288,Fúquene,2005,18.71212,84.24242,10.98485,4.77273,11.9697,14.621210000000001,5.83333,0.83333,10.98485,23.71212,34.24242,11.590910000000001,49.772729999999996,5.454549999999999,95.45455000000001
25,25290,Fusagasugá,2005,13.43025,62.89944,11.09391,2.55594,14.952399999999999,2.36562,8.703800000000001,1.02942,1.44695,24.490029999999997,7.883850000000001,12.862380000000002,42.7857,3.7759599999999995,91.31204000000001
25,25293,Gachala,2005,23.18561,85.03532,12.90944,9.31278,16.95568,18.56134,9.89082,2.2479099999999996,14.900450000000001,26.52537,60.822089999999996,8.34939,57.54656,6.03725,95.24727
25,25295,Gachancipa,2005,7.491879999999999,71.51845,15.378,6.14056,23.69994,1.92109,7.65111,0.76256,1.3696599999999999,29.824869999999997,10.46124,20.18612,35.046929999999996,3.5103000000000004,68.57495
25,25297,Gachetá,2005,17.40614,83.54949,7.23549,6.14334,14.948810000000002,31.023889999999998,7.9522200000000005,0.54608,18.80546,23.41297,63.7884,8.66894,51.331059999999994,4.94881,94.16382
25,25299,Gama,2005,18.96714,88.4507,13.14554,3.5680799999999997,12.01878,12.39437,12.67606,0.0939,10.04695,27.042250000000003,70.89202,4.41315,64.31925,3.8497700000000004,97.84038000000001
25,25307,Girardot,2005,13.53431,61.37707,7.74782,1.06033,20.84054,1.07914,5.03012,5.44142,4.3677399999999995,27.25844,1.17637,7.81047,37.72379,3.46142,87.56376999999999
25,25312,Granada,2005,13.95279,78.88901,15.49025,6.44096,15.17211,3.6216999999999997,10.748009999999999,2.26957,3.00779,33.7024,26.020310000000002,13.258120000000002,28.136689999999998,9.19793,94.18795
25,25317,Guachetá,2005,18.84715,86.30181,13.92487,7.51295,23.15415,23.089380000000002,10.03886,0.32383,10.945599999999999,23.38083,24.255180000000003,18.1671,56.08808,2.46114,93.00518
25,25320,Guaduas,2005,34.52702,85.05464,15.13495,9.62147,15.63447,16.078490000000002,7.4524099999999995,5.4814,11.75016,29.966540000000002,44.338499999999996,48.54714,52.59889,2.4961,95.41814
25,25322,Guasca,2005,9.37355,76.56451,14.58554,3.09847,16.411739999999998,4.6223399999999994,5.31191,0.19561,2.26171,31.20463,17.27472,18.783530000000003,37.19925,3.14703,79.96649000000001
25,25324,Guataqui,2005,27.662959999999998,91.09698,10.81081,2.8616900000000003,27.82194,25.437199999999997,7.3132,5.88235,15.421299999999999,25.914150000000003,23.84738,7.472180000000001,53.41812,5.56439,97.61526
25,25326,Guatavita,2005,13.782630000000001,81.04108,13.82293,5.1336,11.291690000000001,14.25055,8.73945,0.37504,4.8031999999999995,37.70983,32.294650000000004,10.15574,48.89694,6.732100000000001,90.85275
25,25328,Guayabal de Siquima,2005,21.99282,86.26571,9.87433,5.83483,14.36266,11.40036,4.39856,2.0646299999999997,10.41293,22.35189,28.90485,7.5403899999999995,44.79354,5.56553,93.98564
25,25335,Guayabetal,2005,15.810920000000001,82.55909,15.40342,16.87042,20.2119,18.337410000000002,9.37245,1.8744899999999998,6.03097,25.916869999999996,52.648740000000004,11.89894,44.82478,11.08394,96.41402
25,25339,Gutierrez,2005,8.43507,86.68147,21.86459,12.87458,27.74695,24.75028,11.09878,0.66593,15.53829,38.62375,58.04661,14.983350000000002,53.05216,7.88013,94.45061
25,25368,Jerusalen,2005,28.01609,91.42091,8.0429,11.6622,18.49866,41.28686,9.78552,3.48525,29.08847,29.49062,63.94102,5.09383,39.27614,9.65147,97.05094
25,25372,Junín,2005,21.7605,89.67828,13.00268,4.64701,11.260050000000001,27.07775,10.14298,1.1617499999999998,12.958,22.16265,60.277029999999996,18.94549,60.723859999999995,3.39589,96.47006
25,25377,La Calera,2005,11.774379999999999,60.50621,11.973419999999999,5.89445,12.497129999999999,5.04702,8.31535,0.8059099999999999,1.16066,31.31544,27.79237,18.93662,36.53711,3.2803600000000004,84.38584
25,25386,La Mesa,2005,21.52006,75.12973,10.23843,3.50563,12.43711,9.62562,5.63492,5.4951300000000005,7.51765,28.59685,17.87267,17.79355,41.88114,2.43603,90.56729
25,25394,La Palma,2005,38.59935,87.15359000000001,7.6609300000000005,2.80269,6.425980000000001,33.20485,6.14975,16.11302,37.04116,19.44681,54.27563,15.810479999999998,46.05988,4.82823,97.79497
25,25398,La Peña,2005,45.13274,94.5341,10.41124,9.83863,11.19209,66.52785,10.4633,12.02499,59.86465,23.16502,83.81052,15.72098,55.23165,4.37272,98.54243
25,25402,La Vega,2005,17.11105,77.9446,8.801449999999999,3.41703,11.9855,7.53301,4.16775,5.3326400000000005,8.646130000000001,20.139789999999998,41.98809,8.95677,40.09837,3.65001,93.39891
25,25407,Lenguazaque,2005,14.297979999999999,89.17990999999999,15.54315,6.52641,21.51138,33.920139999999996,13.52512,0.68699,10.39073,28.595959999999998,38.38557,12.19407,49.37742,7.041650000000001,95.49163
25,25426,Macheta,2005,27.296609999999998,88.486,14.38568,4.63653,15.52558,36.27624,8.63621,1.13726,30.18699,20.36445,52.46523,37.21549,62.316210000000005,3.86516,96.46112
25,25430,Madrid,2005,7.76965,64.42712,11.67555,3.9467000000000003,21.0489,0.62244,4.57309,0.58945,0.3489,30.475970000000004,5.17158,8.70812,24.69629,1.98641,62.332770000000004
25,25436,Manta,2005,22.551930000000002,89.39169,7.78932,6.37982,14.09496,13.57567,5.78635,0.29674,32.12166,20.32641,34.7181,13.79822,61.27596,3.7092,96.14243
25,25438,Medina,2005,23.933860000000003,88.77285,22.7154,15.83986,19.79983,26.10966,19.1906,0.82681,17.10183,35.24804,48.47694,31.462139999999998,49.82594,10.13925,96.30113
25,25473,Mosquera,2005,7.114230000000001,59.66048000000001,11.14749,2.17911,17.87001,1.02432,5.51933,1.29769,0.91263,29.80585,6.535779999999999,12.875739999999999,29.540319999999998,2.61838,66.8134
25,25483,Nariño,2005,27.54491,89.82036,10.17964,5.7884199999999995,32.33533,19.56088,7.984030000000001,0.9979999999999999,13.97206,24.351300000000002,15.169659999999999,4.79042,65.26946,5.38922,97.80439
25,25486,Nemocón,2005,15.47351,74.70858,17.51721,1.56926,19.33491,6.81125,9.12779,0.3624,1.58646,28.989520000000002,14.03201,15.941440000000002,36.30069,4.22544,79.54491
25,25488,Nilo,2005,24.29991,69.18623000000001,14.891470000000002,1.1769,14.16034,3.71037,5.70529,2.90989,5.76348,31.054029999999997,22.03715,27.732580000000002,60.12636,2.16393,91.20853
25,25489,Nimaima,2005,43.16843,89.51708,6.5371,3.06243,11.54299,16.4311,5.35925,6.3604199999999995,19.90577,14.840990000000001,38.457010000000004,42.04947,51.766780000000004,3.00353,97.40872
25,25491,Nocaima,2005,21.45522,83.02239,7.898009999999999,7.27612,10.38557,25.80846,4.16667,9.26617,25.684079999999998,19.713929999999998,47.63682,9.26617,38.99254,5.03731,95.27363
25,25506,Ospina Pérez  (Venecia),2005,25.40913,87.3385,12.31697,6.718349999999999,12.74763,21.44703,9.04393,5.68475,6.80448,28.682170000000003,45.13351,8.87166,35.22825,8.9578,96.72695999999999
25,25513,Pacho,2005,24.66904,76.46131,12.26498,3.9171400000000003,13.549829999999998,15.789010000000001,5.47917,5.8459900000000005,11.907589999999999,34.38075,38.64278,18.49005,40.07173,3.5828400000000005,92.41375
25,25518,Paime,2005,35.51913,92.14480999999999,17.62295,5.191260000000001,13.5929,58.40164,11.13388,8.74317,26.70765,34.69945,78.68852,29.030050000000003,47.267759999999996,7.2404399999999995,98.49727
25,25524,Pandi,2005,26.44747,87.8142,13.144900000000002,7.2464,18.48069,12.85561,10.38834,3.9558799999999996,12.61723,35.72139,56.73596,12.09397,46.14199,4.4571,94.32382
25,25530,Paratebueno,2005,26.94162,86.12748,21.31762,9.80182,19.06802,23.51366,15.64006,2.30316,16.33637,31.655060000000002,46.65238,27.42367,45.90252,7.82003,95.39368
25,25535,Pasca,2005,17.0389,89.29513,18.18254,5.12673,18.016109999999998,10.93295,10.45707,2.95146,5.4112599999999995,34.36128,42.19997,11.279300000000001,38.13283,8.54818,98.58886
25,25572,Puerto Salgar,2005,23.7415,71.74507,12.15423,4.5636,21.99536,15.07773,8.120420000000001,5.3388100000000005,10.67806,34.99061,17.7947,11.50138,44.396029999999996,2.53078,85.87949
25,25580,Puli,2005,30.821920000000002,93.379,11.9863,10.04566,13.47032,48.74429,7.30594,1.14155,29.10959,28.767120000000002,65.41095999999999,11.87215,44.97717,4.3379,97.60274
25,25592,Quebradanegra,2005,33.981339999999996,87.09176,9.175740000000001,6.14308,8.39813,24.49456,8.94246,7.54277,23.56143,22.08398,57.231730000000006,8.16485,46.6563,5.36547,97.4339
25,25594,Quetame,2005,18.2803,84.96953,14.96276,10.358839999999999,24.30603,12.86391,9.275559999999999,1.6926199999999998,24.30603,26.269470000000002,65.47055,15.301290000000002,58.76777,6.43196,97.02099
25,25596,Quipile,2005,31.64557,90.38766,9.9288,8.03006,10.71994,50.98892000000001,6.9620299999999995,3.56013,28.52057,23.536389999999997,37.42089,12.5,43.35443,5.57753,97.86392000000001
25,25599,Apulo,2005,30.099179999999997,86.20094999999999,9.44373,2.88918,17.46442,21.38853,8.36567,9.184989999999999,21.60414,21.90599,38.68047,12.332899999999999,45.23502,4.05347,93.96292000000001
25,25612,Ricaurte,2005,23.31727,78.84196999999999,10.21208,4.325819999999999,24.88887,8.86014,5.71521,8.711030000000001,6.94123,31.10275,22.24333,11.55725,46.309090000000005,2.20145,89.48396
25,25645,San Antonio de Tequendama,2005,16.59196,80.81181,10.501050000000001,4.17064,14.69347,6.676219999999999,6.89902,1.33521,6.47764,26.60784,37.73487,11.44191,52.698080000000004,2.31431,92.05756000000001
25,25649,San Bernardo,2005,19.25178,84.4616,12.36561,7.79993,18.43972,32.910869999999996,9.97552,2.16165,5.804460000000001,34.994029999999995,59.70075,9.67712,40.354479999999995,7.618650000000001,96.25525
25,25653,San Cayetano,2005,27.89068,91.17029,12.263490000000001,7.848629999999999,17.30904,29.01191,11.21233,0.84093,7.358090000000001,28.381220000000003,75.75332999999999,5.74632,43.30764,9.1801,97.33707
25,25658,San Francisco,2005,27.88,80.56,11.4,4.760000000000001,11.559999999999999,4.92,9.32,0.72,3.52,26.32,44.28,24.959999999999997,55.2,3.1199999999999997,93.52000000000001
25,25662,San Juan de Rioseco,2005,33.13015,85.76551,9.64503,4.66117,12.40588,22.6246,6.31051,3.1193999999999997,18.35783,23.341700000000003,43.097879999999996,11.61707,46.073859999999996,4.230910000000001,95.08785
25,25718,Sasaima,2005,18.13168,82.31644,9.99655,8.341949999999999,12.03033,21.13064,4.72251,5.51534,9.410549999999999,21.509819999999998,40.36539,11.99586,41.67528,3.27473,87.76284
25,25736,Sesquilé,2005,9.24615,76.67814,18.28184,5.59331,15.24145,4.01047,7.64088,0.7878299999999999,2.97392,31.14051,24.13864,11.98781,39.45425,4.74787,77.29753000000001
25,25740,Sibaté,2005,14.47911,64.76462,12.60532,5.686030000000001,18.04413,1.54107,7.70281,0.7946,0.40492999999999996,33.609280000000005,11.15212,24.77255,40.36365,2.65064,83.90158
25,25743,Silvania,2005,22.45104,82.47481,13.602649999999999,5.76429,16.977619999999998,13.24466,9.048960000000001,1.50053,7.0944400000000005,36.08006,41.63214,9.8364,37.76886,8.74427,96.10309000000001
25,25745,Simijaca,2005,14.265179999999999,74.84729,14.337050000000001,5.89292,19.151989999999998,7.61768,5.56953,1.0779699999999999,7.07869,23.89508,11.21092,12.756020000000001,49.29932,6.50377,91.8074
25,25754,Soacha,2005,10.98358,60.19799999999999,15.8493,3.04656,18.266859999999998,14.550070000000002,7.750909999999999,2.67378,2.98638,28.780620000000003,17.58803,24.336479999999998,35.909639999999996,3.18877,82.83686
25,25758,Sopo,2005,15.74467,61.17315,9.97947,1.55491,15.42394,0.92663,4.88062,0.61183,0.69582,29.52427,10.236049999999999,26.214539999999996,33.04672,1.90897,73.34928
25,25769,Subachoque,2005,12.06701,77.54117000000001,11.101650000000001,2.6405499999999997,11.101650000000001,1.73197,5.76377,0.56786,0.96536,18.65417,12.37933,16.78024,39.523,4.11698,89.26746
25,25772,Suesca,2005,14.03225,81.54456,19.73823,3.87508,23.237450000000003,13.07132,7.98363,0.67237,7.260759999999999,34.97529,12.653719999999998,12.516060000000001,40.98573,3.11606,72.96369
25,25777,Supata,2005,20.68008,86.74532,8.39695,2.01249,10.47883,18.181820000000002,9.090910000000001,6.10687,15.683549999999999,24.705070000000003,45.31575,8.952119999999999,53.296319999999994,4.85774,97.77932
25,25779,Susa,2005,30.09516,86.99445,13.798569999999998,5.19429,20.81681,19.23077,11.89532,0.19826000000000002,10.22998,21.649479999999997,21.015069999999998,40.563050000000004,57.09754,5.78906,97.70024000000001
25,25781,Sutatausa,2005,15.81432,84.50039000000001,11.801730000000001,9.83478,17.073169999999998,19.1188,8.6546,0.86546,13.453970000000002,22.50197,19.82691,13.611329999999999,41.778130000000004,5.11408,74.90165
25,25785,Tabio,2005,18.15463,66.00753999999999,12.45072,3.8139600000000002,13.96201,1.8191100000000002,4.9555,4.41875,3.1379499999999996,30.632900000000003,11.632629999999999,35.393299999999996,37.417089999999995,3.3953200000000003,83.6292
25,25793,Tausa,2005,16.91289,93.42842999999999,16.76006,7.030060000000001,19.561899999999998,15.180850000000001,10.137540000000001,0.15283,4.73765,28.73153,38.35965,16.86195,50.38207,6.16403,85.22669
25,25797,Tena,2005,21.65319,84.86074,11.185979999999999,6.2893099999999995,11.4106,8.53549,6.334230000000001,6.468999999999999,10.42228,21.87781,22.551660000000002,11.72507,54.1779,3.5489699999999997,94.24978
25,25799,Tenjo,2005,12.57117,68.50376,13.299929999999998,4.0081999999999995,17.96857,5.21521,6.92325,1.3892099999999998,1.11592,31.564560000000004,6.78661,21.202460000000002,31.97449,3.4616300000000004,77.22614
25,25805,Tibacuy,2005,28.5522,86.45895,17.23254,7.271850000000001,19.885530000000003,19.37393,6.3288899999999995,4.22166,18.86277,32.43561,41.27234,12.81242,54.02321,4.12552,95.83319
25,25807,Tibirita,2005,23.776220000000002,88.41158999999999,6.49351,3.2967000000000004,8.59141,23.87612,5.59441,1.5984000000000003,23.07692,17.18282,42.25774,8.891110000000001,52.44755,3.9960000000000004,96.9031
25,25815,Tocaima,2005,26.43739,83.18699000000001,13.65122,4.42677,23.74318,10.590670000000001,10.09675,3.3491,13.14061,28.90203,27.15798,17.2209,54.44105999999999,2.27733,93.98863
25,25817,Tocancipa,2005,8.86393,63.67203,16.43751,4.27476,22.44072,1.8321500000000002,5.05597,0.52075,1.48661,35.96647,4.53116,14.7868,30.53191,3.95286,64.94777
25,25823,Topaipí,2005,46.76471,92.64706000000001,14.705879999999999,9.04412,12.13235,61.69118,13.308819999999999,44.04412,46.91176,27.867649999999998,75.80882,31.39706,50.0,6.47059,98.23528999999999
25,25839,Ubalá,2005,25.45211,88.27863,14.56798,10.21433,17.21366,39.78567,11.11855,1.6075,27.12659,30.642999999999997,86.87207000000001,17.21366,62.96048,4.65506,95.27796
25,25841,Ubaque,2005,22.60435,89.42751,15.381020000000001,9.733260000000001,12.48578,18.31304,9.479519999999999,1.52735,18.17354,28.21898,45.18106,10.66877,59.17839,5.84768,98.14859
25,25843,Ubate,2005,12.54269,68.5531,11.31982,3.16408,19.176009999999998,13.191919999999998,6.89522,2.33331,4.72884,23.36157,13.509889999999999,15.96044,41.257870000000004,5.56637,89.01292
25,25845,Une,2005,18.03751,86.15377,19.53381,8.27304,27.896120000000003,9.867090000000001,8.84369,0.54717,3.77197,33.10718,28.88692,12.52052,50.967929999999996,4.768730000000001,97.9602
25,25851,Utica,2005,29.810730000000003,86.59306,8.911669999999999,8.99054,13.64353,35.01577,5.757099999999999,9.14826,20.11041,19.006310000000003,42.74448,16.16719,46.37224,3.3911700000000002,96.05678
25,25862,Vergara,2005,26.438299999999998,91.91919,9.266580000000001,8.91524,8.34431,37.37374,8.783489999999999,20.1581,45.98155,27.7119,66.57883,9.398330000000001,43.69785,7.59772,97.49671
25,25867,Viani,2005,26.04167,88.36806,12.15278,7.55208,14.49653,23.52431,9.63542,9.02778,17.27431,21.70139,48.263889999999996,22.30903,48.611110000000004,3.90625,97.22222000000001
25,25871,Villagomez,2005,27.85467,87.37024,11.41869,7.78547,16.95502,29.58478,8.82353,6.22837,8.82353,25.605539999999998,64.35986,10.20761,47.923880000000004,7.95848,97.75087
25,25873,Villapinzón,2005,14.47143,82.58668999999999,22.73656,6.850059999999999,19.48509,20.81387,13.090589999999999,0.23511,6.335240000000001,40.77904,23.8601,28.303359999999998,50.18803,7.32474,96.59106
25,25875,Villeta,2005,21.0641,75.14352,8.02953,2.14079,17.67494,15.455530000000001,7.274450000000001,6.227069999999999,9.75272,20.89304,21.30143,11.82668,35.8342,4.27275,92.30547999999999
25,25878,Viota,2005,32.198139999999995,88.57069,10.758510000000001,8.87513,16.821469999999998,20.69143,7.739939999999999,10.65531,17.33746,22.54902,38.20949,10.087720000000001,47.31682,5.36636,96.15583
25,25885,Yacopí,2005,46.50744,92.18115999999999,13.79,6.4894099999999995,12.5507,53.672830000000005,14.55611,18.09374,52.00541,32.60478,62.73096,10.90581,47.36368,6.42181,97.90446
25,25898,Zipacón,2005,23.57795,84.39348,14.85278,7.93378,18.38243,11.55012,8.81451,4.68722,5.9853700000000005,30.542409999999997,23.950789999999998,14.78792,43.8065,4.26293,86.98479999999999
25,25899,Zipaquirá,2005,8.37186,57.17278999999999,14.06878,5.6834999999999996,15.9301,1.51086,5.29705,0.89993,0.72741,30.239110000000004,4.2361200000000006,21.15524,31.243919999999996,2.92565,73.82236
