DP,DPNOM,DPMP,MPIO,AÑO,area,Niños_M,Jóvenes_M,Adultos_M,Adultos mayores_M,Niñas,Jóvenes_F,Adultos_F,Adultos mayores_F,Total_Hombres,Total_Mujeres,Total_General
11,"Bogotá, D.C.","Bogotá, D.C.",11001,2005,urbano,979683,888661,1141809,217987,931873,918089,1328405,288187,3228140,3466554,6694694
11,"Bogotá, D.C.","Bogotá, D.C.",11001,2005,rural,3370,2021,2471,475,3151,1905,2408,415,8337,7879,16216
11,"Bogotá, D.C.","Bogotá, D.C.",11001,2005,total,983053,890682,1144280,218462,935024,919994,1330813,288602,3236477,3474433,6710910
11,"Bogotá, D.C.","Bogotá, D.C.",11001,2018,urbano,730639,984097,1418534,398104,703354,989774,1616909,545989,3531374,3856026,7387400
11,"Bogotá, D.C.","Bogotá, D.C.",11001,2018,rural,3690,3224,4519,1271,3649,3115,4495,1203,12704,12462,25166
11,"Bogotá, D.C.","Bogotá, D.C.",11001,2018,total,734329,987321,1423053,399375,707003,992889,1621404,547192,3544078,3868488,7412566
25,Cundinamarca,Agua de Dios,25001,2005,urbano,852,621,1145,802,846,727,1501,890,3420,3964,7384
25,Cundinamarca,Agua de Dios,25001,2005,rural,332,208,427,278,326,225,424,213,1245,1188,2433
25,Cundinamarca,Agua de Dios,25001,2005,total,1184,829,1572,1080,1172,952,1925,1103,4665,5152,9817
25,Cundinamarca,Agua de Dios,25001,2018,urbano,794,852,1536,1097,730,883,1865,1356,4279,4834,9113
25,Cundinamarca,Agua de Dios,25001,2018,rural,300,251,483,340,253,222,465,258,1374,1198,2572
25,Cundinamarca,Agua de Dios,25001,2018,total,1094,1103,2019,1437,983,1105,2330,1614,5653,6032,11685
25,Cundinamarca,Albán,25019,2005,urbano,189,157,177,63,224,162,251,69,586,706,1292
25,Cundinamarca,Albán,25019,2005,rural,665,393,697,308,636,398,683,230,2063,1947,4010
25,Cundinamarca,Albán,25019,2005,total,854,550,874,371,860,560,934,299,2649,2653,5302
25,Cundinamarca,Albán,25019,2018,urbano,175,248,307,99,187,234,334,131,829,886,1715
25,Cundinamarca,Albán,25019,2018,rural,544,568,852,515,488,502,832,422,2479,2244,4723
25,Cundinamarca,Albán,25019,2018,total,719,816,1159,614,675,736,1166,553,3308,3130,6438
25,Cundinamarca,Anapoima,25035,2005,urbano,475,312,534,248,447,350,627,310,1569,1734,3303
25,Cundinamarca,Anapoima,25035,2005,rural,1034,657,1266,579,925,617,1133,479,3536,3154,6690
25,Cundinamarca,Anapoima,25035,2005,total,1509,969,1800,827,1372,967,1760,789,5105,4888,9993
25,Cundinamarca,Anapoima,25035,2018,urbano,537,666,1039,532,508,633,1214,672,2774,3027,5801
25,Cundinamarca,Anapoima,25035,2018,rural,1022,890,1618,902,1013,900,1577,796,4432,4286,8718
25,Cundinamarca,Anapoima,25035,2018,total,1559,1556,2657,1434,1521,1533,2791,1468,7206,7313,14519
25,Cundinamarca,Anolaima,25040,2005,urbano,545,443,618,249,472,408,791,312,1855,1983,3838
25,Cundinamarca,Anolaima,25040,2005,rural,1177,754,1464,873,1112,690,1304,664,4268,3770,8038
25,Cundinamarca,Anolaima,25040,2005,total,1722,1197,2082,1122,1584,1098,2095,976,6123,5753,11876
25,Cundinamarca,Anolaima,25040,2018,urbano,461,478,745,388,440,456,848,511,2072,2255,4327
25,Cundinamarca,Anolaima,25040,2018,rural,1046,851,1780,1368,934,793,1609,1108,5045,4444,9489
25,Cundinamarca,Anolaima,25040,2018,total,1507,1329,2525,1756,1374,1249,2457,1619,7117,6699,13816
25,Cundinamarca,Arbeláez,25053,2005,urbano,436,345,468,271,472,381,533,311,1520,1697,3217
25,Cundinamarca,Arbeláez,25053,2005,rural,1481,1161,1812,893,1464,913,1674,632,5347,4683,10030
25,Cundinamarca,Arbeláez,25053,2005,total,1917,1506,2280,1164,1936,1294,2207,943,6867,6380,13247
25,Cundinamarca,Arbeláez,25053,2018,urbano,391,470,715,501,410,447,826,566,2077,2249,4326
25,Cundinamarca,Arbeláez,25053,2018,rural,703,685,1268,809,688,582,1143,656,3465,3069,6534
25,Cundinamarca,Arbeláez,25053,2018,total,1094,1155,1983,1310,1098,1029,1969,1222,5542,5318,10860
25,Cundinamarca,Beltrán,25086,2005,urbano,36,22,49,33,36,25,40,27,140,128,268
25,Cundinamarca,Beltrán,25086,2005,rural,251,140,215,105,205,135,206,73,711,619,1330
25,Cundinamarca,Beltrán,25086,2005,total,287,162,264,138,241,160,246,100,851,747,1598
25,Cundinamarca,Beltrán,25086,2018,urbano,45,45,61,37,37,39,60,38,188,174,362
25,Cundinamarca,Beltrán,25086,2018,rural,176,144,259,161,156,148,241,142,740,687,1427
25,Cundinamarca,Beltrán,25086,2018,total,221,189,320,198,193,187,301,180,928,861,1789
25,Cundinamarca,Bituima,25095,2005,urbano,48,39,60,31,51,40,64,34,178,189,367
25,Cundinamarca,Bituima,25095,2005,rural,389,195,334,164,314,197,317,116,1082,944,2026
25,Cundinamarca,Bituima,25095,2005,total,437,234,394,195,365,237,381,150,1260,1133,2393
25,Cundinamarca,Bituima,25095,2018,urbano,18,55,86,60,55,41,81,55,219,232,451
25,Cundinamarca,Bituima,25095,2018,rural,222,146,379,364,198,131,322,254,1111,905,2016
25,Cundinamarca,Bituima,25095,2018,total,240,201,465,424,253,172,403,309,1330,1137,2467
25,Cundinamarca,Bojacá,25099,2005,urbano,712,499,664,170,699,526,728,171,2045,2124,4169
25,Cundinamarca,Bojacá,25099,2005,rural,360,200,338,79,314,207,306,66,977,893,1870
25,Cundinamarca,Bojacá,25099,2005,total,1072,699,1002,249,1013,733,1034,237,3022,3017,6039
25,Cundinamarca,Bojacá,25099,2018,urbano,948,1079,1397,350,943,1060,1492,411,3774,3906,7680
25,Cundinamarca,Bojacá,25099,2018,rural,240,299,501,166,240,256,414,117,1206,1027,2233
25,Cundinamarca,Bojacá,25099,2018,total,1188,1378,1898,516,1183,1316,1906,528,4980,4933,9913
25,Cundinamarca,Cabrera,25120,2005,urbano,145,107,140,46,158,116,156,37,438,467,905
25,Cundinamarca,Cabrera,25120,2005,rural,549,351,517,162,511,310,463,120,1579,1404,2983
25,Cundinamarca,Cabrera,25120,2005,total,694,458,657,208,669,426,619,157,2017,1871,3888
25,Cundinamarca,Cabrera,25120,2018,urbano,159,134,204,68,158,123,203,65,565,549,1114
25,Cundinamarca,Cabrera,25120,2018,rural,536,590,729,219,461,347,556,170,2074,1534,3608
25,Cundinamarca,Cabrera,25120,2018,total,695,724,933,287,619,470,759,235,2639,2083,4722
25,Cundinamarca,Cachipay,25123,2005,urbano,374,258,417,228,358,303,486,241,1277,1388,2665
25,Cundinamarca,Cachipay,25123,2005,rural,860,521,955,519,782,492,906,427,2855,2607,5462
25,Cundinamarca,Cachipay,25123,2005,total,1234,779,1372,747,1140,795,1392,668,4132,3995,8127
25,Cundinamarca,Cachipay,25123,2018,urbano,350,413,601,335,397,371,674,370,1699,1812,3511
25,Cundinamarca,Cachipay,25123,2018,rural,691,615,1238,832,696,551,1152,686,3376,3085,6461
25,Cundinamarca,Cachipay,25123,2018,total,1041,1028,1839,1167,1093,922,1826,1056,5075,4897,9972
25,Cundinamarca,Cajicá,25126,2005,urbano,3935,3705,4894,955,3927,3872,5616,1228,13489,14643,28132
25,Cundinamarca,Cajicá,25126,2005,rural,2957,2271,3096,684,2827,2328,3544,812,9008,9511,18519
25,Cundinamarca,Cajicá,25126,2005,total,6892,5976,7990,1639,6754,6200,9160,2040,22497,24154,46651
25,Cundinamarca,Cajicá,25126,2018,urbano,5964,6643,10647,2447,5672,6938,12214,3586,25701,28410,54111
25,Cundinamarca,Cajicá,25126,2018,rural,3619,3402,5416,1353,3392,3275,6080,1596,13790,14343,28133
25,Cundinamarca,Cajicá,25126,2018,total,9583,10045,16063,3800,9064,10213,18294,5182,39491,42753,82244
25,Cundinamarca,Caparrapí,25148,2005,urbano,341,237,419,159,376,284,500,163,1156,1323,2479
25,Cundinamarca,Caparrapí,25148,2005,rural,1660,1041,2196,1043,1486,856,1708,655,5940,4705,10645
25,Cundinamarca,Caparrapí,25148,2005,total,2001,1278,2615,1202,1862,1140,2208,818,7096,6028,13124
25,Cundinamarca,Caparrapí,25148,2018,urbano,347,316,561,247,329,329,688,266,1471,1612,3083
25,Cundinamarca,Caparrapí,25148,2018,rural,962,902,2056,1262,918,736,1672,978,5182,4304,9486
25,Cundinamarca,Caparrapí,25148,2018,total,1309,1218,2617,1509,1247,1065,2360,1244,6653,5916,12569
25,Cundinamarca,Cáqueza,25151,2005,urbano,769,646,903,235,733,691,1033,298,2553,2755,5308
25,Cundinamarca,Cáqueza,25151,2005,rural,1457,1018,1683,744,1317,954,1598,697,4902,4566,9468
25,Cundinamarca,Cáqueza,25151,2005,total,2226,1664,2586,979,2050,1645,2631,995,7455,7321,14776
25,Cundinamarca,Cáqueza,25151,2018,urbano,916,909,1437,464,836,932,1501,557,3726,3826,7552
25,Cundinamarca,Cáqueza,25151,2018,rural,1237,985,1806,917,1073,946,1704,879,4945,4602,9547
25,Cundinamarca,Cáqueza,25151,2018,total,2153,1894,3243,1381,1909,1878,3205,1436,8671,8428,17099
25,Cundinamarca,Carmen de Carupa,25154,2005,urbano,214,182,210,73,209,154,231,70,679,664,1343
25,Cundinamarca,Carmen de Carupa,25154,2005,rural,981,703,1028,465,889,591,920,375,3177,2775,5952
25,Cundinamarca,Carmen de Carupa,25154,2005,total,1195,885,1238,538,1098,745,1151,445,3856,3439,7295
25,Cundinamarca,Carmen de Carupa,25154,2018,urbano,271,270,352,115,251,300,400,134,1008,1085,2093
25,Cundinamarca,Carmen de Carupa,25154,2018,rural,692,587,1102,533,636,527,901,509,2914,2573,5487
25,Cundinamarca,Carmen de Carupa,25154,2018,total,963,857,1454,648,887,827,1301,643,3922,3658,7580
25,Cundinamarca,Chaguaní,25168,2005,urbano,84,85,126,48,108,84,158,59,343,409,752
25,Cundinamarca,Chaguaní,25168,2005,rural,478,298,661,405,448,248,486,235,1842,1417,3259
25,Cundinamarca,Chaguaní,25168,2005,total,562,383,787,453,556,332,644,294,2185,1826,4011
25,Cundinamarca,Chaguaní,25168,2018,urbano,94,103,174,90,84,95,193,119,461,491,952
25,Cundinamarca,Chaguaní,25168,2018,rural,337,301,649,555,314,214,515,345,1842,1388,3230
25,Cundinamarca,Chaguaní,25168,2018,total,431,404,823,645,398,309,708,464,2303,1879,4182
25,Cundinamarca,Chía,25175,2005,urbano,7595,6823,9947,2080,7448,7559,12322,2868,26445,30197,56642
25,Cundinamarca,Chía,25175,2005,rural,3052,2145,3190,649,2840,2398,3596,727,9036,9561,18597
25,Cundinamarca,Chía,25175,2005,total,10647,8968,13137,2729,10288,9957,15918,3595,35481,39758,75239
25,Cundinamarca,Chía,25175,2018,urbano,10198,13694,20446,5997,9771,13515,23778,8110,50335,55174,105509
25,Cundinamarca,Chía,25175,2018,rural,3283,3438,5016,1375,3133,3408,5387,1632,13112,13560,26672
25,Cundinamarca,Chía,25175,2018,total,13481,17132,25462,7372,12904,16923,29165,9742,63447,68734,132181
25,Cundinamarca,Chipaque,25178,2005,urbano,320,233,306,81,297,211,340,105,940,953,1893
25,Cundinamarca,Chipaque,25178,2005,rural,977,653,1073,515,870,600,1004,446,3218,2920,6138
25,Cundinamarca,Chipaque,25178,2005,total,1297,886,1379,596,1167,811,1344,551,4158,3873,8031
25,Cundinamarca,Chipaque,25178,2018,urbano,327,342,509,153,282,344,544,196,1331,1366,2697
25,Cundinamarca,Chipaque,25178,2018,rural,858,724,1295,597,830,718,1156,592,3474,3296,6770
25,Cundinamarca,Chipaque,25178,2018,total,1185,1066,1804,750,1112,1062,1700,788,4805,4662,9467
25,Cundinamarca,Choachí,25181,2005,urbano,447,321,446,181,426,330,479,220,1395,1455,2850
25,Cundinamarca,Choachí,25181,2005,rural,1033,716,1218,583,1040,697,1120,504,3550,3361,6911
25,Cundinamarca,Choachí,25181,2005,total,1480,1037,1664,764,1466,1027,1599,724,4945,4816,9761
25,Cundinamarca,Choachí,25181,2018,urbano,411,458,773,307,439,486,873,413,1949,2211,4160
25,Cundinamarca,Choachí,25181,2018,rural,808,690,1301,714,670,697,1227,694,3513,3288,6801
25,Cundinamarca,Choachí,25181,2018,total,1219,1148,2074,1021,1109,1183,2100,1107,5462,5499,10961
25,Cundinamarca,Chocontá,25183,2005,urbano,1178,770,907,174,1268,848,1089,240,3029,3445,6474
25,Cundinamarca,Chocontá,25183,2005,rural,1788,1045,1366,452,1707,1029,1405,454,4651,4595,9246
25,Cundinamarca,Chocontá,25183,2005,total,2966,1815,2273,626,2975,1877,2494,694,7680,8040,15720
25,Cundinamarca,Chocontá,25183,2018,urbano,1364,1422,1891,464,1325,1485,2026,577,5141,5413,10554
25,Cundinamarca,Chocontá,25183,2018,rural,1446,1206,1865,670,1347,1084,1691,705,5187,4827,10014
25,Cundinamarca,Chocontá,25183,2018,total,2810,2628,3756,1134,2672,2569,3717,1282,10328,10240,20568
25,Cundinamarca,Cogua,25200,2005,urbano,663,530,781,200,631,579,892,222,2174,2324,4498
25,Cundinamarca,Cogua,25200,2005,rural,1791,1174,1908,590,1643,1224,1900,555,5463,5322,10785
25,Cundinamarca,Cogua,25200,2005,total,2454,1704,2689,790,2274,1803,2792,777,7637,7646,15283
25,Cundinamarca,Cogua,25200,2018,urbano,840,1058,1434,388,839,984,1606,504,3720,3933,7653
25,Cundinamarca,Cogua,25200,2018,rural,1799,1682,2693,971,1791,1685,2744,1049,7145,7269,14414
25,Cundinamarca,Cogua,25200,2018,total,2639,2740,4127,1359,2630,2669,4350,1553,10865,11202,22067
25,Cundinamarca,Cota,25214,2005,urbano,1387,1362,1804,441,1484,1430,2073,476,4994,5463,10457
25,Cundinamarca,Cota,25214,2005,rural,1254,965,1436,313,1240,1011,1581,329,3968,4161,8129
25,Cundinamarca,Cota,25214,2005,total,2641,2327,3240,754,2724,2441,3654,805,8962,9624,18586
25,Cundinamarca,Cota,25214,2018,urbano,2335,2714,3948,977,2045,2738,4524,1181,9974,10488,20462
25,Cundinamarca,Cota,25214,2018,rural,1567,1480,2365,605,1455,1404,2632,721,6017,6212,12229
25,Cundinamarca,Cota,25214,2018,total,3902,4194,6313,1582,3500,4142,7156,1902,15991,16700,32691
25,Cundinamarca,Cucunubá,25224,2005,urbano,144,102,128,33,140,95,135,49,407,419,826
25,Cundinamarca,Cucunubá,25224,2005,rural,913,681,884,217,860,654,798,201,2695,2513,5208
25,Cundinamarca,Cucunubá,25224,2005,total,1057,783,1012,250,1000,749,933,250,3102,2932,6034
25,Cundinamarca,Cucunubá,25224,2018,urbano,138,127,196,83,131,138,225,93,544,587,1131
25,Cundinamarca,Cucunubá,25224,2018,rural,1049,732,1155,380,928,775,1093,383,3316,3179,6495
25,Cundinamarca,Cucunubá,25224,2018,total,1187,859,1351,463,1059,913,1318,476,3860,3766,7626
25,Cundinamarca,El Colegio,25245,2005,urbano,888,639,1002,533,832,704,1305,623,3062,3464,6526
25,Cundinamarca,El Colegio,25245,2005,rural,1580,910,1787,1151,1398,915,1800,972,5428,5085,10513
25,Cundinamarca,El Colegio,25245,2005,total,2468,1549,2789,1684,2230,1619,3105,1595,8490,8549,17039
25,Cundinamarca,El Colegio,25245,2018,urbano,1094,1101,1660,913,1046,1148,2077,1212,4768,5483,10251
25,Cundinamarca,El Colegio,25245,2018,rural,1331,1203,2385,2067,1326,1076,2397,1850,6986,6649,13635
25,Cundinamarca,El Colegio,25245,2018,total,2425,2304,4045,2980,2372,2224,4474,3062,11754,12132,23886
25,Cundinamarca,El Peñón,25258,2005,urbano,59,40,65,27,73,41,74,24,191,212,403
25,Cundinamarca,El Peñón,25258,2005,rural,712,395,801,504,646,332,691,429,2412,2098,4510
25,Cundinamarca,El Peñón,25258,2005,total,771,435,866,531,719,373,765,453,2603,2310,4913
25,Cundinamarca,El Peñón,25258,2018,urbano,98,51,99,35,61,60,124,49,283,294,577
25,Cundinamarca,El Peñón,25258,2018,rural,454,321,733,630,430,304,683,549,2138,1966,4104
25,Cundinamarca,El Peñón,25258,2018,total,552,372,832,665,491,364,807,598,2421,2260,4681
25,Cundinamarca,El Rosal,25260,2005,urbano,1635,1407,1535,203,1733,1441,1614,235,4780,5023,9803
25,Cundinamarca,El Rosal,25260,2005,rural,733,539,735,134,668,491,696,110,2141,1965,4106
25,Cundinamarca,El Rosal,25260,2005,total,2368,1946,2270,337,2401,1932,2310,345,6921,6988,13909
25,Cundinamarca,El Rosal,25260,2018,urbano,2593,2963,3348,587,2378,2960,3479,650,9491,9467,18958
25,Cundinamarca,El Rosal,25260,2018,rural,409,398,622,193,388,369,570,158,1622,1485,3107
25,Cundinamarca,El Rosal,25260,2018,total,3002,3361,3970,780,2766,3329,4049,808,11113,10952,22065
25,Cundinamarca,Facatativá,25269,2005,urbano,10775,9869,12096,2205,10585,10417,14451,2849,34945,38302,73247
25,Cundinamarca,Facatativá,25269,2005,rural,1811,1544,1720,344,1621,1146,1588,269,5419,4624,10043
25,Cundinamarca,Facatativá,25269,2005,total,12586,11413,13816,2549,12206,11563,16039,3118,40364,42926,83290
25,Cundinamarca,Facatativá,25269,2018,urbano,14365,18011,23379,5155,13919,17715,25973,6831,60910,64438,125348
25,Cundinamarca,Facatativá,25269,2018,rural,1850,2068,2753,667,1835,1731,2523,666,7338,6755,14093
25,Cundinamarca,Facatativá,25269,2018,total,16215,20079,26132,5822,15754,19446,28496,7497,68248,71193,139441
25,Cundinamarca,Fómeque,25279,2005,urbano,453,430,588,145,447,409,624,184,1616,1664,3280
25,Cundinamarca,Fómeque,25279,2005,rural,935,767,1268,701,862,684,1104,574,3671,3224,6895
25,Cundinamarca,Fómeque,25279,2005,total,1388,1197,1856,846,1309,1093,1728,758,5287,4888,10175
25,Cundinamarca,Fómeque,25279,2018,urbano,643,622,968,327,562,635,1033,413,2560,2643,5203
25,Cundinamarca,Fómeque,25279,2018,rural,867,688,1299,753,793,614,1132,637,3607,3176,6783
25,Cundinamarca,Fómeque,25279,2018,total,1510,1310,2267,1080,1355,1249,2165,1050,6167,5819,11986
25,Cundinamarca,Fosca,25281,2005,urbano,181,107,162,62,171,117,171,56,512,515,1027
25,Cundinamarca,Fosca,25281,2005,rural,800,488,693,318,782,476,653,281,2299,2192,4491
25,Cundinamarca,Fosca,25281,2005,total,981,595,855,380,953,593,824,337,2811,2707,5518
25,Cundinamarca,Fosca,25281,2018,urbano,152,166,231,115,169,151,260,123,664,703,1367
25,Cundinamarca,Fosca,25281,2018,rural,604,531,776,372,599,461,714,360,2283,2134,4417
25,Cundinamarca,Fosca,25281,2018,total,756,697,1007,487,768,612,974,483,2947,2837,5784
25,Cundinamarca,Funza,25286,2005,urbano,7452,6232,8711,1610,7400,6872,9993,1909,24005,26174,50179
25,Cundinamarca,Funza,25286,2005,rural,321,480,381,63,451,359,310,54,1245,1174,2419
25,Cundinamarca,Funza,25286,2005,total,7773,6712,9092,1673,7851,7231,10303,1963,25250,27348,52598
25,Cundinamarca,Funza,25286,2018,urbano,10024,12125,17840,3862,10015,11887,19732,5186,43851,46820,90671
25,Cundinamarca,Funza,25286,2018,rural,374,334,511,99,322,305,460,78,1318,1165,2483
25,Cundinamarca,Funza,25286,2018,total,10398,12459,18351,3961,10337,12192,20192,5264,45169,47985,93154
25,Cundinamarca,Fúquene,25288,2005,urbano,27,18,30,15,30,28,41,17,90,116,206
25,Cundinamarca,Fúquene,25288,2005,rural,686,468,647,284,632,458,739,291,2085,2120,4205
25,Cundinamarca,Fúquene,25288,2005,total,713,486,677,299,662,486,780,308,2175,2236,4411
25,Cundinamarca,Fúquene,25288,2018,urbano,15,15,28,16,22,19,29,24,74,94,168
25,Cundinamarca,Fúquene,25288,2018,rural,592,514,875,356,532,539,885,443,2337,2399,4736
25,Cundinamarca,Fúquene,25288,2018,total,607,529,903,372,554,558,914,467,2411,2493,4904
25,Cundinamarca,Fusagasugá,25290,2005,urbano,9096,8146,10418,4132,8785,8664,13218,4913,31792,35580,67372
25,Cundinamarca,Fusagasugá,25290,2005,rural,2747,2447,3123,1329,2612,1915,3009,1080,9646,8616,18262
25,Cundinamarca,Fusagasugá,25290,2005,total,11843,10593,13541,5461,11397,10579,16227,5993,41438,44196,85634
25,Cundinamarca,Fusagasugá,25290,2018,urbano,11441,13482,19281,10134,10882,13346,23149,13007,54338,60384,114722
25,Cundinamarca,Fusagasugá,25290,2018,rural,2680,2670,4367,2668,2446,2367,4144,2434,12385,11391,23776
25,Cundinamarca,Fusagasugá,25290,2018,total,14121,16152,23648,12802,13328,15713,27293,15441,66723,71775,138498
25,Cundinamarca,Gachalá,25293,2005,urbano,265,202,247,82,249,205,277,84,796,815,1611
25,Cundinamarca,Gachalá,25293,2005,rural,624,398,667,440,493,341,569,323,2129,1726,3855
25,Cundinamarca,Gachalá,25293,2005,total,889,600,914,522,742,546,846,407,2925,2541,5466
25,Cundinamarca,Gachalá,25293,2018,urbano,179,177,282,111,165,180,310,142,749,797,1546
25,Cundinamarca,Gachalá,25293,2018,rural,270,309,561,421,305,245,439,340,1561,1329,2890
25,Cundinamarca,Gachalá,25293,2018,total,449,486,843,532,470,425,749,482,2310,2126,4436
25,Cundinamarca,Gachancipá,25295,2005,urbano,1031,684,814,125,1010,786,899,174,2654,2869,5523
25,Cundinamarca,Gachancipá,25295,2005,rural,706,442,583,140,692,487,637,129,1871,1945,3816
25,Cundinamarca,Gachancipá,25295,2005,total,1737,1126,1397,265,1702,1273,1536,303,4525,4814,9339
25,Cundinamarca,Gachancipá,25295,2018,urbano,1499,1722,2013,304,1405,1776,2134,399,5538,5714,11252
25,Cundinamarca,Gachancipá,25295,2018,rural,735,804,1121,271,766,744,1023,310,2931,2843,5774
25,Cundinamarca,Gachancipá,25295,2018,total,2234,2526,3134,575,2171,2520,3157,709,8469,8557,17026
25,Cundinamarca,Gachetá,25297,2005,urbano,359,304,403,174,363,312,551,195,1240,1421,2661
25,Cundinamarca,Gachetá,25297,2005,rural,918,614,1059,779,838,557,1053,755,3370,3203,6573
25,Cundinamarca,Gachetá,25297,2005,total,1277,918,1462,953,1201,869,1604,950,4610,4624,9234
25,Cundinamarca,Gachetá,25297,2018,urbano,336,367,618,288,363,379,689,348,1609,1779,3388
25,Cundinamarca,Gachetá,25297,2018,rural,510,467,897,701,497,411,827,727,2575,2462,5037
25,Cundinamarca,Gachetá,25297,2018,total,846,834,1515,989,860,790,1516,1075,4184,4241,8425
25,Cundinamarca,Gama,25299,2005,urbano,71,57,55,23,84,60,79,42,206,265,471
25,Cundinamarca,Gama,25299,2005,rural,398,260,444,324,379,230,432,277,1426,1318,2744
25,Cundinamarca,Gama,25299,2005,total,469,317,499,347,463,290,511,319,1632,1583,3215
25,Cundinamarca,Gama,25299,2018,urbano,103,82,108,58,68,93,133,65,351,359,710
25,Cundinamarca,Gama,25299,2018,rural,262,215,418,338,265,199,396,317,1233,1177,2410
25,Cundinamarca,Gama,25299,2018,total,365,297,526,396,333,292,529,382,1584,1536,3120
25,Cundinamarca,Girardot,25307,2005,urbano,8621,7263,12268,3793,8598,8214,14816,4705,31945,36333,68278
25,Cundinamarca,Girardot,25307,2005,rural,711,450,722,342,604,465,747,246,2225,2062,4287
25,Cundinamarca,Girardot,25307,2005,total,9332,7713,12990,4135,9202,8679,15563,4951,34170,38395,72565
25,Cundinamarca,Girardot,25307,2018,urbano,9805,11163,18111,6942,9264,10993,19905,9244,46021,49406,95427
25,Cundinamarca,Girardot,25307,2018,rural,698,685,1097,418,669,612,1023,389,2898,2693,5591
25,Cundinamarca,Girardot,25307,2018,total,10503,11848,19208,7360,9933,11605,20928,9633,48919,52099,101018
25,Cundinamarca,Granada,25312,2005,urbano,165,122,171,44,176,145,185,48,502,554,1056
25,Cundinamarca,Granada,25312,2005,rural,588,443,655,177,585,486,642,142,1863,1855,3718
25,Cundinamarca,Granada,25312,2005,total,753,565,826,221,761,631,827,190,2365,2409,4774
25,Cundinamarca,Granada,25312,2018,urbano,243,251,308,111,227,227,351,122,913,927,1840
25,Cundinamarca,Granada,25312,2018,rural,711,614,990,339,685,657,1039,304,2654,2685,5339
25,Cundinamarca,Granada,25312,2018,total,954,865,1298,450,912,884,1390,426,3567,3612,7179
25,Cundinamarca,Guachetá,25317,2005,urbano,573,517,671,86,533,506,629,124,1847,1792,3639
25,Cundinamarca,Guachetá,25317,2005,rural,1141,839,1202,422,1078,802,1190,473,3604,3543,7147
25,Cundinamarca,Guachetá,25317,2005,total,1714,1356,1873,508,1611,1308,1819,597,5451,5335,10786
25,Cundinamarca,Guachetá,25317,2018,urbano,928,797,1103,220,848,780,1031,221,3048,2880,5928
25,Cundinamarca,Guachetá,25317,2018,rural,1045,778,1336,526,1053,772,1288,559,3685,3672,7357
25,Cundinamarca,Guachetá,25317,2018,total,1973,1575,2439,746,1901,1552,2319,780,6733,6552,13285
25,Cundinamarca,Guaduas,25320,2005,urbano,1356,813,1293,470,1416,954,1584,524,3932,4478,8410
25,Cundinamarca,Guaduas,25320,2005,rural,2013,1359,2828,1252,1933,1413,2632,889,7452,6867,14319
25,Cundinamarca,Guaduas,25320,2005,total,3369,2172,4121,1722,3349,2367,4216,1413,11384,11345,22729
25,Cundinamarca,Guaduas,25320,2018,urbano,1430,1491,2408,1068,1425,1550,2904,1338,6397,7217,13614
25,Cundinamarca,Guaduas,25320,2018,rural,1515,2658,4632,1664,1356,1265,2524,1296,10469,6441,16910
25,Cundinamarca,Guaduas,25320,2018,total,2945,4149,7040,2732,2781,2815,5428,2634,16866,13658,30524
25,Cundinamarca,Guasca,25322,2005,urbano,511,411,560,132,512,467,636,170,1614,1785,3399
25,Cundinamarca,Guasca,25322,2005,rural,1550,965,1525,455,1364,990,1447,394,4495,4195,8690
25,Cundinamarca,Guasca,25322,2005,total,2061,1376,2085,587,1876,1457,2083,564,6109,5980,12089
25,Cundinamarca,Guasca,25322,2018,urbano,702,854,1085,285,739,853,1248,355,2926,3195,6121
25,Cundinamarca,Guasca,25322,2018,rural,1034,1148,1886,676,1077,1060,1728,618,4744,4483,9227
25,Cundinamarca,Guasca,25322,2018,total,1736,2002,2971,961,1816,1913,2976,973,7670,7678,15348
25,Cundinamarca,Guataquí,25324,2005,urbano,133,109,185,112,124,94,174,97,539,489,1028
25,Cundinamarca,Guataquí,25324,2005,rural,228,132,247,153,214,121,210,89,760,634,1394
25,Cundinamarca,Guataquí,25324,2005,total,361,241,432,265,338,215,384,186,1299,1123,2422
25,Cundinamarca,Guataquí,25324,2018,urbano,130,124,202,141,96,125,230,156,597,607,1204
25,Cundinamarca,Guataquí,25324,2018,rural,153,168,316,240,174,135,248,210,877,767,1644
25,Cundinamarca,Guataquí,25324,2018,total,283,292,518,381,270,260,478,366,1474,1374,2848
25,Cundinamarca,Guatavita,25326,2005,urbano,224,160,250,53,205,175,270,77,687,727,1414
25,Cundinamarca,Guatavita,25326,2005,rural,643,391,669,242,550,345,612,233,1945,1740,3685
25,Cundinamarca,Guatavita,25326,2005,total,867,551,919,295,755,520,882,310,2632,2467,5099
25,Cundinamarca,Guatavita,25326,2018,urbano,237,272,390,124,247,287,470,185,1023,1189,2212
25,Cundinamarca,Guatavita,25326,2018,rural,503,480,869,307,481,417,741,315,2159,1954,4113
25,Cundinamarca,Guatavita,25326,2018,total,740,752,1259,431,728,704,1211,500,3182,3143,6325
25,Cundinamarca,Guayabal de Síquima,25328,2005,urbano,82,67,120,53,115,79,145,67,322,406,728
25,Cundinamarca,Guayabal de Síquima,25328,2005,rural,433,271,518,310,458,277,473,240,1532,1448,2980
25,Cundinamarca,Guayabal de Síquima,25328,2005,total,515,338,638,363,573,356,618,307,1854,1854,3708
25,Cundinamarca,Guayabal de Síquima,25328,2018,urbano,89,103,168,111,106,123,204,114,471,547,1018
25,Cundinamarca,Guayabal de Síquima,25328,2018,rural,373,322,648,438,374,292,572,407,1781,1645,3426
25,Cundinamarca,Guayabal de Síquima,25328,2018,total,462,425,816,549,480,415,776,521,2252,2192,4444
25,Cundinamarca,Guayabetal,25335,2005,urbano,198,144,206,69,213,167,231,47,617,658,1275
25,Cundinamarca,Guayabetal,25335,2005,rural,570,406,541,228,602,373,492,171,1745,1638,3383
25,Cundinamarca,Guayabetal,25335,2005,total,768,550,747,297,815,540,723,218,2362,2296,4658
25,Cundinamarca,Guayabetal,25335,2018,urbano,230,295,392,76,255,279,344,96,993,974,1967
25,Cundinamarca,Guayabetal,25335,2018,rural,671,521,751,276,643,529,664,210,2219,2046,4265
25,Cundinamarca,Guayabetal,25335,2018,total,901,816,1143,352,898,808,1008,306,3212,3020,6232
25,Cundinamarca,Gutiérrez,25339,2005,urbano,109,105,116,42,114,80,112,56,372,362,734
25,Cundinamarca,Gutiérrez,25339,2005,rural,486,279,429,136,436,265,339,105,1330,1145,2475
25,Cundinamarca,Gutiérrez,25339,2005,total,595,384,545,178,550,345,451,161,1702,1507,3209
25,Cundinamarca,Gutiérrez,25339,2018,urbano,123,126,179,55,124,122,188,66,483,500,983
25,Cundinamarca,Gutiérrez,25339,2018,rural,315,374,458,182,321,266,361,150,1329,1098,2427
25,Cundinamarca,Gutiérrez,25339,2018,total,438,500,637,237,445,388,549,216,1812,1598,3410
25,Cundinamarca,Jerusalén,25368,2005,urbano,76,66,115,67,100,67,124,65,324,356,680
25,Cundinamarca,Jerusalén,25368,2005,rural,265,196,394,219,261,161,275,114,1074,811,1885
25,Cundinamarca,Jerusalén,25368,2005,total,341,262,509,286,361,228,399,179,1398,1167,2565
25,Cundinamarca,Jerusalén,25368,2018,urbano,85,82,139,84,93,83,142,92,390,410,800
25,Cundinamarca,Jerusalén,25368,2018,rural,175,112,315,233,135,95,230,186,835,646,1481
25,Cundinamarca,Jerusalén,25368,2018,total,260,194,454,317,228,178,372,278,1225,1056,2281
25,Cundinamarca,Junín,25372,2005,urbano,82,60,102,33,72,68,123,46,277,309,586
25,Cundinamarca,Junín,25372,2005,rural,847,562,857,598,774,523,972,554,2864,2823,5687
25,Cundinamarca,Junín,25372,2005,total,929,622,959,631,846,591,1095,600,3141,3132,6273
25,Cundinamarca,Junín,25372,2018,urbano,85,90,139,75,97,90,168,89,389,444,833
25,Cundinamarca,Junín,25372,2018,rural,476,482,837,651,447,472,932,693,2446,2544,4990
25,Cundinamarca,Junín,25372,2018,total,561,572,976,726,544,562,1100,782,2835,2988,5823
25,Cundinamarca,La Calera,25377,2005,urbano,1015,970,1396,279,977,1045,1630,341,3660,3993,7653
25,Cundinamarca,La Calera,25377,2005,rural,1973,1323,2495,645,1839,1402,2552,561,6436,6354,12790
25,Cundinamarca,La Calera,25377,2005,total,2988,2293,3891,924,2816,2447,4182,902,10096,10347,20443
25,Cundinamarca,La Calera,25377,2018,urbano,1316,1790,2682,710,1256,1780,3075,861,6498,6972,13470
25,Cundinamarca,La Calera,25377,2018,rural,1792,1746,3475,1154,1767,1695,3594,1175,8167,8231,16398
25,Cundinamarca,La Calera,25377,2018,total,3108,3536,6157,1864,3023,3475,6669,2036,14665,15203,29868
25,Cundinamarca,La Mesa,25386,2005,urbano,1293,952,1595,775,1265,1089,1943,923,4615,5220,9835
25,Cundinamarca,La Mesa,25386,2005,rural,1759,1029,2148,1299,1752,1075,1990,1043,6235,5860,12095
25,Cundinamarca,La Mesa,25386,2005,total,3052,1981,3743,2074,3017,2164,3933,1966,10850,11080,21930
25,Cundinamarca,La Mesa,25386,2018,urbano,1684,1837,2944,1550,1644,1868,3376,1951,8015,8839,16854
25,Cundinamarca,La Mesa,25386,2018,rural,1710,1509,3053,2143,1554,1371,2739,1761,8415,7425,15840
25,Cundinamarca,La Mesa,25386,2018,total,3394,3346,5997,3693,3198,3239,6115,3712,16430,16264,32694
25,Cundinamarca,La Palma,25394,2005,urbano,463,367,596,216,397,388,769,313,1642,1867,3509
25,Cundinamarca,La Palma,25394,2005,rural,841,493,1315,819,800,436,1052,616,3468,2904,6372
25,Cundinamarca,La Palma,25394,2005,total,1304,860,1911,1035,1197,824,1821,929,5110,4771,9881
25,Cundinamarca,La Palma,25394,2018,urbano,459,380,732,346,465,408,830,505,1917,2208,4125
25,Cundinamarca,La Palma,25394,2018,rural,456,435,1115,946,418,339,887,746,2952,2390,5342
25,Cundinamarca,La Palma,25394,2018,total,915,815,1847,1292,883,747,1717,1251,4869,4598,9467
25,Cundinamarca,La Peña,25398,2005,urbano,123,88,140,57,120,87,161,57,408,425,833
25,Cundinamarca,La Peña,25398,2005,rural,741,500,1151,593,706,367,829,435,2985,2337,5322
25,Cundinamarca,La Peña,25398,2005,total,864,588,1291,650,826,454,990,492,3393,2762,6155
25,Cundinamarca,La Peña,25398,2018,urbano,101,112,184,86,98,106,208,128,483,540,1023
25,Cundinamarca,La Peña,25398,2018,rural,494,436,1037,778,411,355,766,611,2745,2143,4888
25,Cundinamarca,La Peña,25398,2018,total,595,548,1221,864,509,461,974,739,3228,2683,5911
25,Cundinamarca,La Vega,25402,2005,urbano,457,456,627,214,466,438,710,260,1754,1874,3628
25,Cundinamarca,La Vega,25402,2005,rural,1358,884,1523,641,1151,860,1372,461,4406,3844,8250
25,Cundinamarca,La Vega,25402,2005,total,1815,1340,2150,855,1617,1298,2082,721,6160,5718,11878
25,Cundinamarca,La Vega,25402,2018,urbano,614,658,1059,513,666,739,1257,707,2844,3369,6213
25,Cundinamarca,La Vega,25402,2018,rural,1294,1100,2091,1092,1222,1080,1946,948,5577,5196,10773
25,Cundinamarca,La Vega,25402,2018,total,1908,1758,3150,1605,1888,1819,3203,1655,8421,8565,16986
25,Cundinamarca,Lenguazaque,25407,2005,urbano,301,220,345,71,283,259,336,107,937,985,1922
25,Cundinamarca,Lenguazaque,25407,2005,rural,1148,806,1142,306,1109,706,939,307,3402,3061,6463
25,Cundinamarca,Lenguazaque,25407,2005,total,1449,1026,1487,377,1392,965,1275,414,4339,4046,8385
25,Cundinamarca,Lenguazaque,25407,2018,urbano,408,351,555,110,330,349,543,152,1424,1374,2798
25,Cundinamarca,Lenguazaque,25407,2018,rural,1103,859,1379,430,1073,811,1174,453,3771,3511,7282
25,Cundinamarca,Lenguazaque,25407,2018,total,1511,1210,1934,540,1403,1160,1717,605,5195,4885,10080
25,Cundinamarca,Machetá,25426,2005,urbano,166,115,137,76,159,143,190,79,494,571,1065
25,Cundinamarca,Machetá,25426,2005,rural,732,552,982,614,729,438,904,541,2880,2612,5492
25,Cundinamarca,Machetá,25426,2005,total,898,667,1119,690,888,581,1094,620,3374,3183,6557
25,Cundinamarca,Machetá,25426,2018,urbano,157,200,291,127,184,166,317,142,775,809,1584
25,Cundinamarca,Machetá,25426,2018,rural,416,450,941,562,386,368,846,571,2369,2171,4540
25,Cundinamarca,Machetá,25426,2018,total,573,650,1232,689,570,534,1163,713,3144,2980,6124
25,Cundinamarca,Madrid,25430,2005,urbano,8264,8091,8871,1489,8108,7796,10126,1771,26715,27801,54516
25,Cundinamarca,Madrid,25430,2005,rural,1158,823,1151,178,1152,869,1132,196,3310,3349,6659
25,Cundinamarca,Madrid,25430,2005,total,9422,8914,10022,1667,9260,8665,11258,1967,30025,31150,61175
25,Cundinamarca,Madrid,25430,2018,urbano,12572,14468,19872,3511,12171,14357,21121,4638,50423,52287,102710
25,Cundinamarca,Madrid,25430,2018,rural,1305,1260,1790,449,1220,1259,1792,469,4804,4740,9544
25,Cundinamarca,Madrid,25430,2018,total,13877,15728,21662,3960,13391,15616,22913,5107,55227,57027,112254
25,Cundinamarca,Manta,25436,2005,urbano,103,58,117,68,95,74,123,85,346,377,723
25,Cundinamarca,Manta,25436,2005,rural,453,283,576,434,374,259,502,521,1746,1656,3402
25,Cundinamarca,Manta,25436,2005,total,556,341,693,502,469,333,625,606,2092,2033,4125
25,Cundinamarca,Manta,25436,2018,urbano,68,80,205,109,96,88,216,128,462,528,990
25,Cundinamarca,Manta,25436,2018,rural,266,237,510,423,188,188,465,470,1436,1311,2747
25,Cundinamarca,Manta,25436,2018,total,334,317,715,532,284,276,681,598,1898,1839,3737
25,Cundinamarca,Medina,25438,2005,urbano,442,308,385,134,421,329,445,141,1269,1336,2605
25,Cundinamarca,Medina,25438,2005,rural,1247,752,977,443,1092,597,910,245,3419,2844,6263
25,Cundinamarca,Medina,25438,2005,total,1689,1060,1362,577,1513,926,1355,386,4688,4180,8868
25,Cundinamarca,Medina,25438,2018,urbano,593,494,686,234,538,505,750,303,2007,2096,4103
25,Cundinamarca,Medina,25438,2018,rural,564,472,763,413,457,328,634,280,2212,1699,3911
25,Cundinamarca,Medina,25438,2018,total,1157,966,1449,647,995,833,1384,583,4219,3795,8014
25,Cundinamarca,Mosquera,25473,2005,urbano,9995,7457,10877,1438,9671,8182,12253,1817,29767,31923,61690
25,Cundinamarca,Mosquera,25473,2005,rural,366,240,376,71,338,279,361,63,1053,1041,2094
25,Cundinamarca,Mosquera,25473,2005,total,10361,7697,11253,1509,10009,8461,12614,1880,30820,32964,63784
25,Cundinamarca,Mosquera,25473,2018,urbano,15278,17706,25125,4392,14483,17824,27452,5752,62501,65511,128012
25,Cundinamarca,Mosquera,25473,2018,rural,321,272,448,98,305,255,427,83,1139,1070,2209
25,Cundinamarca,Mosquera,25473,2018,total,15599,17978,25573,4490,14788,18079,27879,5835,63640,66581,130221
25,Cundinamarca,Nariño,25483,2005,urbano,185,117,213,142,166,133,221,103,657,623,1280
25,Cundinamarca,Nariño,25483,2005,rural,109,54,139,46,121,57,107,30,348,315,663
25,Cundinamarca,Nariño,25483,2005,total,294,171,352,188,287,190,328,133,1005,938,1943
25,Cundinamarca,Nariño,25483,2018,urbano,173,189,314,155,145,189,301,175,831,810,1641
25,Cundinamarca,Nariño,25483,2018,rural,62,62,158,98,71,59,111,71,380,312,692
25,Cundinamarca,Nariño,25483,2018,total,235,251,472,253,216,248,412,246,1211,1122,2333
25,Cundinamarca,Nemocón,25486,2005,urbano,646,488,663,160,644,554,784,180,1957,2162,4119
25,Cundinamarca,Nemocón,25486,2005,rural,904,661,803,175,781,585,740,146,2543,2252,4795
25,Cundinamarca,Nemocón,25486,2005,total,1550,1149,1466,335,1425,1139,1524,326,4500,4414,8914
25,Cundinamarca,Nemocón,25486,2018,urbano,802,865,1093,286,821,910,1259,353,3046,3343,6389
25,Cundinamarca,Nemocón,25486,2018,rural,1138,870,1173,303,997,883,1131,287,3484,3298,6782
25,Cundinamarca,Nemocón,25486,2018,total,1940,1735,2266,589,1818,1793,2390,640,6530,6641,13171
25,Cundinamarca,Nilo,25488,2005,urbano,245,138,216,105,239,177,254,92,704,762,1466
25,Cundinamarca,Nilo,25488,2005,rural,496,3095,570,155,331,220,351,103,4316,1005,5321
25,Cundinamarca,Nilo,25488,2005,total,741,3233,786,260,570,397,605,195,5020,1767,6787
25,Cundinamarca,Nilo,25488,2018,urbano,379,358,543,153,345,314,510,150,1433,1319,2752
25,Cundinamarca,Nilo,25488,2018,rural,596,3732,1091,424,553,546,816,309,5843,2224,8067
25,Cundinamarca,Nilo,25488,2018,total,975,4090,1634,577,898,860,1326,459,7276,3543,10819
25,Cundinamarca,Nimaima,25489,2005,urbano,72,45,61,46,68,35,73,59,224,235,459
25,Cundinamarca,Nimaima,25489,2005,rural,314,228,619,440,280,197,525,334,1601,1336,2937
25,Cundinamarca,Nimaima,25489,2005,total,386,273,680,486,348,232,598,393,1825,1571,3396
25,Cundinamarca,Nimaima,25489,2018,urbano,86,77,120,63,48,69,134,88,346,339,685
25,Cundinamarca,Nimaima,25489,2018,rural,252,256,610,430,274,242,478,362,1548,1356,2904
25,Cundinamarca,Nimaima,25489,2018,total,338,333,730,493,322,311,612,450,1894,1695,3589
25,Cundinamarca,Nocaima,25491,2005,urbano,183,148,237,90,177,155,279,137,658,748,1406
25,Cundinamarca,Nocaima,25491,2005,rural,514,355,888,419,485,320,600,299,2176,1704,3880
25,Cundinamarca,Nocaima,25491,2005,total,697,503,1125,509,662,475,879,436,2834,2452,5286
25,Cundinamarca,Nocaima,25491,2018,urbano,170,216,329,184,162,182,411,264,899,1019,1918
25,Cundinamarca,Nocaima,25491,2018,rural,448,363,894,548,481,349,660,431,2253,1921,4174
25,Cundinamarca,Nocaima,25491,2018,total,618,579,1223,732,643,531,1071,695,3152,2940,6092
25,Cundinamarca,Venecia,25506,2005,urbano,111,98,134,64,131,107,174,90,407,502,909
25,Cundinamarca,Venecia,25506,2005,rural,497,316,542,263,400,282,463,163,1618,1308,2926
25,Cundinamarca,Venecia,25506,2005,total,608,414,676,327,531,389,637,253,2025,1810,3835
25,Cundinamarca,Venecia,25506,2018,urbano,124,158,207,88,122,144,265,94,577,625,1202
25,Cundinamarca,Venecia,25506,2018,rural,390,291,582,362,347,267,505,272,1625,1391,3016
25,Cundinamarca,Venecia,25506,2018,total,514,449,789,450,469,411,770,366,2202,2016,4218
25,Cundinamarca,Pacho,25513,2005,urbano,1474,831,1324,508,1471,1064,1749,623,4137,4907,9044
25,Cundinamarca,Pacho,25513,2005,rural,1853,1092,2139,1230,1779,1025,1963,1013,6314,5780,12094
25,Cundinamarca,Pacho,25513,2005,total,3327,1923,3463,1738,3250,2089,3712,1636,10451,10687,21138
25,Cundinamarca,Pacho,25513,2018,urbano,1480,1452,2058,938,1465,1515,2558,1248,5928,6786,12714
25,Cundinamarca,Pacho,25513,2018,rural,1279,1140,2123,1580,1220,1009,1973,1375,6122,5577,11699
25,Cundinamarca,Pacho,25513,2018,total,2759,2592,4181,2518,2685,2524,4531,2623,12050,12363,24413
25,Cundinamarca,Paime,25518,2005,urbano,74,52,82,23,80,48,84,26,231,238,469
25,Cundinamarca,Paime,25518,2005,rural,801,408,662,384,724,338,641,306,2255,2009,4264
25,Cundinamarca,Paime,25518,2005,total,875,460,744,407,804,386,725,332,2486,2247,4733
25,Cundinamarca,Paime,25518,2018,urbano,51,48,106,32,55,64,106,45,237,270,507
25,Cundinamarca,Paime,25518,2018,rural,435,398,696,464,366,326,593,401,1993,1686,3679
25,Cundinamarca,Paime,25518,2018,total,486,446,802,496,421,390,699,446,2230,1956,4186
25,Cundinamarca,Pandi,25524,2005,urbano,130,71,133,75,105,63,154,74,409,396,805
25,Cundinamarca,Pandi,25524,2005,rural,586,336,575,284,520,312,505,191,1781,1528,3309
25,Cundinamarca,Pandi,25524,2005,total,716,407,708,359,625,375,659,265,2190,1924,4114
25,Cundinamarca,Pandi,25524,2018,urbano,116,122,179,134,101,99,217,129,551,546,1097
25,Cundinamarca,Pandi,25524,2018,rural,500,436,727,433,418,371,650,341,2096,1780,3876
25,Cundinamarca,Pandi,25524,2018,total,616,558,906,567,519,470,867,470,2647,2326,4973
25,Cundinamarca,Paratebueno,25530,2005,urbano,304,256,289,78,314,236,316,54,927,920,1847
25,Cundinamarca,Paratebueno,25530,2005,rural,662,427,644,240,669,387,543,134,1973,1733,3706
25,Cundinamarca,Paratebueno,25530,2005,total,966,683,933,318,983,623,859,188,2900,2653,5553
25,Cundinamarca,Paratebueno,25530,2018,urbano,567,474,574,120,479,511,596,134,1735,1720,3455
25,Cundinamarca,Paratebueno,25530,2018,rural,672,564,955,356,718,550,829,229,2547,2326,4873
25,Cundinamarca,Paratebueno,25530,2018,total,1239,1038,1529,476,1197,1061,1425,363,4282,4046,8328
25,Cundinamarca,Pasca,25535,2005,urbano,299,216,316,125,290,262,335,115,956,1002,1958
25,Cundinamarca,Pasca,25535,2005,rural,1054,713,1147,381,1061,651,962,290,3295,2964,6259
25,Cundinamarca,Pasca,25535,2005,total,1353,929,1463,506,1351,913,1297,405,4251,3966,8217
25,Cundinamarca,Pasca,25535,2018,urbano,330,385,461,184,326,369,527,181,1360,1403,2763
25,Cundinamarca,Pasca,25535,2018,rural,799,711,1299,551,702,676,1146,458,3360,2982,6342
25,Cundinamarca,Pasca,25535,2018,total,1129,1096,1760,735,1028,1045,1673,639,4720,4385,9105
25,Cundinamarca,Puerto Salgar,25572,2005,urbano,1088,999,1275,338,1070,930,1509,385,3700,3894,7594
25,Cundinamarca,Puerto Salgar,25572,2005,rural,681,442,781,285,631,443,653,126,2189,1853,4042
25,Cundinamarca,Puerto Salgar,25572,2005,total,1769,1441,2056,623,1701,1373,2162,511,5889,5747,11636
25,Cundinamarca,Puerto Salgar,25572,2018,urbano,1219,1413,1995,766,1203,1314,2329,843,5393,5689,11082
25,Cundinamarca,Puerto Salgar,25572,2018,rural,583,729,888,299,555,418,685,214,2499,1872,4371
25,Cundinamarca,Puerto Salgar,25572,2018,total,1802,2142,2883,1065,1758,1732,3014,1057,7892,7561,15453
25,Cundinamarca,Pulí,25580,2005,urbano,97,47,85,43,53,49,90,28,272,220,492
25,Cundinamarca,Pulí,25580,2005,rural,442,227,550,346,410,188,411,220,1565,1229,2794
25,Cundinamarca,Pulí,25580,2005,total,539,274,635,389,463,237,501,248,1837,1449,3286
25,Cundinamarca,Pulí,25580,2018,urbano,66,69,128,72,78,60,136,70,335,344,679
25,Cundinamarca,Pulí,25580,2018,rural,290,209,495,444,312,205,403,290,1438,1210,2648
25,Cundinamarca,Pulí,25580,2018,total,356,278,623,516,390,265,539,360,1773,1554,3327
25,Cundinamarca,Quebradanegra,25592,2005,urbano,28,39,51,20,43,30,64,26,138,163,301
25,Cundinamarca,Quebradanegra,25592,2005,rural,594,457,857,445,564,337,739,332,2353,1972,4325
25,Cundinamarca,Quebradanegra,25592,2005,total,622,496,908,465,607,367,803,358,2491,2135,4626
25,Cundinamarca,Quebradanegra,25592,2018,urbano,42,44,73,46,46,32,82,61,205,221,426
25,Cundinamarca,Quebradanegra,25592,2018,rural,449,369,871,594,390,362,760,503,2283,2015,4298
25,Cundinamarca,Quebradanegra,25592,2018,total,491,413,944,640,436,394,842,564,2488,2236,4724
25,Cundinamarca,Quetame,25594,2005,urbano,151,140,136,65,155,118,144,73,492,490,982
25,Cundinamarca,Quetame,25594,2005,rural,712,442,639,246,578,424,563,203,2039,1768,3807
25,Cundinamarca,Quetame,25594,2005,total,863,582,775,311,733,542,707,276,2531,2258,4789
25,Cundinamarca,Quetame,25594,2018,urbano,193,170,240,79,168,172,241,95,682,676,1358
25,Cundinamarca,Quetame,25594,2018,rural,525,443,682,268,514,427,600,255,1918,1796,3714
25,Cundinamarca,Quetame,25594,2018,total,718,613,922,347,682,599,841,350,2600,2472,5072
25,Cundinamarca,Quipile,25596,2005,urbano,84,54,102,49,66,64,121,47,289,298,587
25,Cundinamarca,Quipile,25596,2005,rural,940,572,1228,722,843,506,954,513,3462,2816,6278
25,Cundinamarca,Quipile,25596,2005,total,1024,626,1330,771,909,570,1075,560,3751,3114,6865
25,Cundinamarca,Quipile,25596,2018,urbano,64,62,124,62,74,54,144,72,312,344,656
25,Cundinamarca,Quipile,25596,2018,rural,582,457,1096,922,574,421,890,693,3057,2578,5635
25,Cundinamarca,Quipile,25596,2018,total,646,519,1220,984,648,475,1034,765,3369,2922,6291
25,Cundinamarca,Apulo,25599,2005,urbano,377,251,448,247,367,267,506,292,1323,1432,2755
25,Cundinamarca,Apulo,25599,2005,rural,610,371,752,416,573,338,630,281,2149,1822,3971
25,Cundinamarca,Apulo,25599,2005,total,987,622,1200,663,940,605,1136,573,3472,3254,6726
25,Cundinamarca,Apulo,25599,2018,urbano,368,399,607,331,360,394,674,406,1705,1834,3539
25,Cundinamarca,Apulo,25599,2018,rural,584,500,843,576,525,453,725,447,2503,2150,4653
25,Cundinamarca,Apulo,25599,2018,total,952,899,1450,907,885,847,1399,853,4208,3984,8192
25,Cundinamarca,Ricaurte,25612,2005,urbano,488,372,658,215,500,424,698,194,1733,1816,3549
25,Cundinamarca,Ricaurte,25612,2005,rural,646,438,860,376,596,480,758,262,2320,2096,4416
25,Cundinamarca,Ricaurte,25612,2005,total,1134,810,1518,591,1096,904,1456,456,4053,3912,7965
25,Cundinamarca,Ricaurte,25612,2018,urbano,817,780,1343,484,725,796,1369,553,3424,3443,6867
25,Cundinamarca,Ricaurte,25612,2018,rural,709,629,1165,566,707,682,1040,516,3069,2945,6014
25,Cundinamarca,Ricaurte,25612,2018,total,1526,1409,2508,1050,1432,1478,2409,1069,6493,6388,12881
25,Cundinamarca,San Antonio del Tequendama,25645,2005,urbano,100,68,65,33,109,60,88,45,266,302,568
25,Cundinamarca,San Antonio del Tequendama,25645,2005,rural,1336,770,1515,798,1318,824,1579,755,4419,4476,8895
25,Cundinamarca,San Antonio del Tequendama,25645,2005,total,1436,838,1580,831,1427,884,1667,800,4685,4778,9463
25,Cundinamarca,San Antonio del Tequendama,25645,2018,urbano,103,92,147,75,92,110,179,109,417,490,907
25,Cundinamarca,San Antonio del Tequendama,25645,2018,rural,1122,1007,1975,1417,1086,1009,1973,1374,5521,5442,10963
25,Cundinamarca,San Antonio del Tequendama,25645,2018,total,1225,1099,2122,1492,1178,1119,2152,1483,5938,5932,11870
25,Cundinamarca,San Bernardo,25649,2005,urbano,429,320,385,156,449,332,447,177,1290,1405,2695
25,Cundinamarca,San Bernardo,25649,2005,rural,1004,690,1086,450,951,616,968,335,3230,2870,6100
25,Cundinamarca,San Bernardo,25649,2005,total,1433,1010,1471,606,1400,948,1415,512,4520,4275,8795
25,Cundinamarca,San Bernardo,25649,2018,urbano,438,392,556,273,430,437,668,294,1659,1829,3488
25,Cundinamarca,San Bernardo,25649,2018,rural,663,488,1033,509,579,479,846,402,2693,2306,4999
25,Cundinamarca,San Bernardo,25649,2018,total,1101,880,1589,782,1009,916,1514,696,4352,4135,8487
25,Cundinamarca,San Cayetano,25653,2005,urbano,75,38,50,14,59,39,60,33,177,191,368
25,Cundinamarca,San Cayetano,25653,2005,rural,757,473,818,369,727,412,665,310,2417,2114,4531
25,Cundinamarca,San Cayetano,25653,2005,total,832,511,868,383,786,451,725,343,2594,2305,4899
25,Cundinamarca,San Cayetano,25653,2018,urbano,65,72,122,39,59,69,117,58,298,303,601
25,Cundinamarca,San Cayetano,25653,2018,rural,492,460,852,451,464,406,734,386,2255,1990,4245
25,Cundinamarca,San Cayetano,25653,2018,total,557,532,974,490,523,475,851,444,2553,2293,4846
25,Cundinamarca,San Francisco,25658,2005,urbano,385,295,420,193,400,294,480,210,1293,1384,2677
25,Cundinamarca,San Francisco,25658,2005,rural,825,426,869,401,769,470,837,305,2521,2381,4902
25,Cundinamarca,San Francisco,25658,2005,total,1210,721,1289,594,1169,764,1317,515,3814,3765,7579
25,Cundinamarca,San Francisco,25658,2018,urbano,435,470,740,421,425,468,886,539,2066,2318,4384
25,Cundinamarca,San Francisco,25658,2018,rural,798,621,1151,673,718,665,1118,627,3243,3128,6371
25,Cundinamarca,San Francisco,25658,2018,total,1233,1091,1891,1094,1143,1133,2004,1166,5309,5446,10755
25,Cundinamarca,San Juan de Rioseco,25662,2005,urbano,346,238,382,204,312,255,495,237,1170,1299,2469
25,Cundinamarca,San Juan de Rioseco,25662,2005,rural,817,511,1065,617,813,450,937,439,3010,2639,5649
25,Cundinamarca,San Juan de Rioseco,25662,2005,total,1163,749,1447,821,1125,705,1432,676,4180,3938,8118
25,Cundinamarca,San Juan de Rioseco,25662,2018,urbano,313,271,519,283,338,287,598,377,1386,1600,2986
25,Cundinamarca,San Juan de Rioseco,25662,2018,rural,634,431,927,776,512,452,871,592,2768,2427,5195
25,Cundinamarca,San Juan de Rioseco,25662,2018,total,947,702,1446,1059,850,739,1469,969,4154,4027,8181
25,Cundinamarca,Sasaima,25718,2005,urbano,212,154,300,138,190,190,363,170,804,913,1717
25,Cundinamarca,Sasaima,25718,2005,rural,1095,684,1319,562,1020,643,1147,426,3660,3236,6896
25,Cundinamarca,Sasaima,25718,2005,total,1307,838,1619,700,1210,833,1510,596,4464,4149,8613
25,Cundinamarca,Sasaima,25718,2018,urbano,250,253,448,236,261,260,522,325,1187,1368,2555
25,Cundinamarca,Sasaima,25718,2018,rural,984,885,1554,956,834,720,1414,809,4379,3777,8156
25,Cundinamarca,Sasaima,25718,2018,total,1234,1138,2002,1192,1095,980,1936,1134,5566,5145,10711
25,Cundinamarca,Sesquilé,25736,2005,urbano,287,257,301,71,294,268,386,80,916,1028,1944
25,Cundinamarca,Sesquilé,25736,2005,rural,967,695,1004,252,1013,668,1017,247,2918,2945,5863
25,Cundinamarca,Sesquilé,25736,2005,total,1254,952,1305,323,1307,936,1403,327,3834,3973,7807
25,Cundinamarca,Sesquilé,25736,2018,urbano,366,461,642,175,359,475,709,238,1644,1781,3425
25,Cundinamarca,Sesquilé,25736,2018,rural,1092,994,1519,470,991,954,1485,493,4075,3923,7998
25,Cundinamarca,Sesquilé,25736,2018,total,1458,1455,2161,645,1350,1429,2194,731,5719,5704,11423
25,Cundinamarca,Sibaté,25740,2005,urbano,2410,1789,2438,571,2310,1915,2841,685,7208,7751,14959
25,Cundinamarca,Sibaté,25740,2005,rural,1063,832,1328,381,1066,737,1345,390,3604,3538,7142
25,Cundinamarca,Sibaté,25740,2005,total,3473,2621,3766,952,3376,2652,4186,1075,10812,11289,22101
25,Cundinamarca,Sibaté,25740,2018,urbano,2715,3319,4401,1126,2574,3266,4862,1381,11561,12083,23644
25,Cundinamarca,Sibaté,25740,2018,rural,1162,1113,2006,685,1201,1081,1876,723,4966,4881,9847
25,Cundinamarca,Sibaté,25740,2018,total,3877,4432,6407,1811,3775,4347,6738,2104,16527,16964,33491
25,Cundinamarca,Silvania,25743,2005,urbano,614,452,658,295,581,517,791,334,2019,2223,4242
25,Cundinamarca,Silvania,25743,2005,rural,2134,1279,2178,812,1923,1342,2073,618,6403,5956,12359
25,Cundinamarca,Silvania,25743,2005,total,2748,1731,2836,1107,2504,1859,2864,952,8422,8179,16601
25,Cundinamarca,Silvania,25743,2018,urbano,733,727,1098,657,693,801,1354,818,3215,3666,6881
25,Cundinamarca,Silvania,25743,2018,rural,1920,1591,2663,1492,1691,1453,2682,1252,7666,7078,14744
25,Cundinamarca,Silvania,25743,2018,total,2653,2318,3761,2149,2384,2254,4036,2070,10881,10744,21625
25,Cundinamarca,Simijaca,25745,2005,urbano,748,527,704,162,753,575,821,248,2141,2397,4538
25,Cundinamarca,Simijaca,25745,2005,rural,816,497,694,297,769,502,759,292,2304,2322,4626
25,Cundinamarca,Simijaca,25745,2005,total,1564,1024,1398,459,1522,1077,1580,540,4445,4719,9164
25,Cundinamarca,Simijaca,25745,2018,urbano,982,879,1277,387,953,920,1514,495,3525,3882,7407
25,Cundinamarca,Simijaca,25745,2018,rural,739,572,953,426,657,560,1018,515,2690,2750,5440
25,Cundinamarca,Simijaca,25745,2018,total,1721,1451,2230,813,1610,1480,2532,1010,6215,6632,12847
25,Cundinamarca,Soacha,25754,2005,urbano,52620,41892,57128,8787,51609,45291,66795,10584,160427,174279,334706
25,Cundinamarca,Soacha,25754,2005,rural,1127,636,1060,247,981,659,992,218,3070,2850,5920
25,Cundinamarca,Soacha,25754,2005,total,53747,42528,58188,9034,52590,45950,67787,10802,163497,177129,340626
25,Cundinamarca,Soacha,25754,2018,urbano,80737,90805,121644,24478,76979,92726,136778,30878,317664,337361,655025
25,Cundinamarca,Soacha,25754,2018,rural,775,616,986,289,653,620,940,275,2666,2488,5154
25,Cundinamarca,Soacha,25754,2018,total,81512,91421,122630,24767,77632,93346,137718,31153,320330,339849,660179
25,Cundinamarca,Sopó,25758,2005,urbano,1349,1060,1508,379,1287,1139,1677,411,4296,4514,8810
25,Cundinamarca,Sopó,25758,2005,rural,1054,730,1196,238,987,783,1295,236,3218,3301,6519
25,Cundinamarca,Sopó,25758,2005,total,2403,1790,2704,617,2274,1922,2972,647,7514,7815,15329
25,Cundinamarca,Sopó,25758,2018,urbano,1886,2399,3448,787,1628,2382,3912,993,8520,8915,17435
25,Cundinamarca,Sopó,25758,2018,rural,911,1022,1664,497,970,1012,1782,489,4094,4253,8347
25,Cundinamarca,Sopó,25758,2018,total,2797,3421,5112,1284,2598,3394,5694,1482,12614,13168,25782
25,Cundinamarca,Subachoque,25769,2005,urbano,573,536,733,167,560,567,844,185,2009,2156,4165
25,Cundinamarca,Subachoque,25769,2005,rural,1561,1115,1859,453,1442,1036,1697,396,4988,4571,9559
25,Cundinamarca,Subachoque,25769,2005,total,2134,1651,2592,620,2002,1603,2541,581,6997,6727,13724
25,Cundinamarca,Subachoque,25769,2018,urbano,794,931,1400,364,717,1012,1570,462,3489,3761,7250
25,Cundinamarca,Subachoque,25769,2018,rural,1004,1010,1755,583,983,958,1595,552,4352,4088,8440
25,Cundinamarca,Subachoque,25769,2018,total,1798,1941,3155,947,1700,1970,3165,1014,7841,7849,15690
25,Cundinamarca,Suesca,25772,2005,urbano,776,466,534,125,792,545,640,133,1901,2110,4011
25,Cundinamarca,Suesca,25772,2005,rural,1351,866,1236,398,1360,850,1315,403,3851,3928,7779
25,Cundinamarca,Suesca,25772,2005,total,2127,1332,1770,523,2152,1395,1955,536,5752,6038,11790
25,Cundinamarca,Suesca,25772,2018,urbano,989,1093,1223,285,914,1109,1460,370,3590,3853,7443
25,Cundinamarca,Suesca,25772,2018,rural,1249,1209,1769,625,1208,1137,1761,620,4852,4726,9578
25,Cundinamarca,Suesca,25772,2018,total,2238,2302,2992,910,2122,2246,3221,990,8442,8579,17021
25,Cundinamarca,Supatá,25777,2005,urbano,174,141,188,81,166,124,229,122,584,641,1225
25,Cundinamarca,Supatá,25777,2005,rural,520,329,580,295,488,295,520,241,1724,1544,3268
25,Cundinamarca,Supatá,25777,2005,total,694,470,768,376,654,419,749,363,2308,2185,4493
25,Cundinamarca,Supatá,25777,2018,urbano,168,179,265,147,189,180,335,175,759,879,1638
25,Cundinamarca,Supatá,25777,2018,rural,371,332,724,470,367,303,629,369,1897,1668,3565
25,Cundinamarca,Supatá,25777,2018,total,539,511,989,617,556,483,964,544,2656,2547,5203
25,Cundinamarca,Susa,25779,2005,urbano,238,150,218,102,227,157,216,111,708,711,1419
25,Cundinamarca,Susa,25779,2005,rural,685,430,656,308,602,399,632,298,2079,1931,4010
25,Cundinamarca,Susa,25779,2005,total,923,580,874,410,829,556,848,409,2787,2642,5429
25,Cundinamarca,Susa,25779,2018,urbano,325,248,353,125,285,282,417,140,1051,1124,2175
25,Cundinamarca,Susa,25779,2018,rural,601,471,784,385,485,414,741,398,2241,2038,4279
25,Cundinamarca,Susa,25779,2018,total,926,719,1137,510,770,696,1158,538,3292,3162,6454
25,Cundinamarca,Sutatausa,25781,2005,urbano,176,143,174,37,168,164,174,43,530,549,1079
25,Cundinamarca,Sutatausa,25781,2005,rural,527,426,589,171,435,357,460,142,1713,1394,3107
25,Cundinamarca,Sutatausa,25781,2005,total,703,569,763,208,603,521,634,185,2243,1943,4186
25,Cundinamarca,Sutatausa,25781,2018,urbano,249,238,336,93,251,259,357,102,916,969,1885
25,Cundinamarca,Sutatausa,25781,2018,rural,628,464,728,245,562,465,675,235,2065,1937,4002
25,Cundinamarca,Sutatausa,25781,2018,total,877,702,1064,338,813,724,1032,337,2981,2906,5887
25,Cundinamarca,Tabio,25785,2005,urbano,563,492,664,172,551,516,727,205,1891,1999,3890
25,Cundinamarca,Tabio,25785,2005,rural,1577,1190,1776,374,1538,1185,1890,407,4917,5020,9937
25,Cundinamarca,Tabio,25785,2005,total,2140,1682,2440,546,2089,1701,2617,612,6808,7019,13827
25,Cundinamarca,Tabio,25785,2018,urbano,582,839,1175,372,654,824,1377,494,2968,3349,6317
25,Cundinamarca,Tabio,25785,2018,rural,1930,1917,2913,853,1779,1899,3108,949,7613,7735,15348
25,Cundinamarca,Tabio,25785,2018,total,2512,2756,4088,1225,2433,2723,4485,1443,10581,11084,21665
25,Cundinamarca,Tausa,25793,2005,urbano,131,103,146,31,116,98,136,49,411,399,810
25,Cundinamarca,Tausa,25793,2005,rural,998,713,1035,238,870,650,873,197,2984,2590,5574
25,Cundinamarca,Tausa,25793,2005,total,1129,816,1181,269,986,748,1009,246,3395,2989,6384
25,Cundinamarca,Tausa,25793,2018,urbano,211,163,254,50,192,202,251,47,678,692,1370
25,Cundinamarca,Tausa,25793,2018,rural,987,840,1283,424,928,760,1108,367,3534,3163,6697
25,Cundinamarca,Tausa,25793,2018,total,1198,1003,1537,474,1120,962,1359,414,4212,3855,8067
25,Cundinamarca,Tena,25797,2005,urbano,77,41,60,46,74,42,68,46,224,230,454
25,Cundinamarca,Tena,25797,2005,rural,1084,633,1132,653,939,635,1140,479,3502,3193,6695
25,Cundinamarca,Tena,25797,2005,total,1161,674,1192,699,1013,677,1208,525,3726,3423,7149
25,Cundinamarca,Tena,25797,2018,urbano,46,58,120,69,54,56,113,80,293,303,596
25,Cundinamarca,Tena,25797,2018,rural,1020,969,1569,1034,982,848,1595,954,4592,4379,8971
25,Cundinamarca,Tena,25797,2018,total,1066,1027,1689,1103,1036,904,1708,1034,4885,4682,9567
25,Cundinamarca,Tenjo,25799,2005,urbano,679,592,757,192,745,642,857,233,2220,2477,4697
25,Cundinamarca,Tenjo,25799,2005,rural,1585,1070,1700,415,1460,1114,1737,377,4770,4688,9458
25,Cundinamarca,Tenjo,25799,2005,total,2264,1662,2457,607,2205,1756,2594,610,6990,7165,14155
25,Cundinamarca,Tenjo,25799,2018,urbano,966,1091,1621,424,918,1159,1916,529,4102,4522,8624
25,Cundinamarca,Tenjo,25799,2018,rural,1533,1737,2620,788,1507,1668,2638,820,6678,6633,13311
25,Cundinamarca,Tenjo,25799,2018,total,2499,2828,4241,1212,2425,2827,4554,1349,10780,11155,21935
25,Cundinamarca,Tibacuy,25805,2005,urbano,76,51,74,35,69,60,65,42,236,236,472
25,Cundinamarca,Tibacuy,25805,2005,rural,564,314,584,319,526,329,533,242,1781,1630,3411
25,Cundinamarca,Tibacuy,25805,2005,total,640,365,658,354,595,389,598,284,2017,1866,3883
25,Cundinamarca,Tibacuy,25805,2018,urbano,61,54,91,51,76,59,99,58,257,292,549
25,Cundinamarca,Tibacuy,25805,2018,rural,407,359,686,529,403,321,653,428,1981,1805,3786
25,Cundinamarca,Tibacuy,25805,2018,total,468,413,777,580,479,380,752,486,2238,2097,4335
25,Cundinamarca,Tibirita,25807,2005,urbano,57,42,74,22,65,42,86,49,195,242,437
25,Cundinamarca,Tibirita,25807,2005,rural,309,225,438,326,338,188,420,335,1298,1281,2579
25,Cundinamarca,Tibirita,25807,2005,total,366,267,512,348,403,230,506,384,1493,1523,3016
25,Cundinamarca,Tibirita,25807,2018,urbano,51,41,85,60,39,57,108,79,237,283,520
25,Cundinamarca,Tibirita,25807,2018,rural,204,214,510,394,239,199,444,434,1322,1316,2638
25,Cundinamarca,Tibirita,25807,2018,total,255,255,595,454,278,256,552,513,1559,1599,3158
25,Cundinamarca,Tocaima,25815,2005,urbano,948,741,1219,529,957,828,1450,615,3437,3850,7287
25,Cundinamarca,Tocaima,25815,2005,rural,1014,569,1169,694,865,558,1048,509,3446,2980,6426
25,Cundinamarca,Tocaima,25815,2005,total,1962,1310,2388,1223,1822,1386,2498,1124,6883,6830,13713
25,Cundinamarca,Tocaima,25815,2018,urbano,969,1121,1622,887,913,1050,1908,1119,4599,4990,9589
25,Cundinamarca,Tocaima,25815,2018,rural,631,596,1209,862,558,511,1082,697,3298,2848,6146
25,Cundinamarca,Tocaima,25815,2018,total,1600,1717,2831,1749,1471,1561,2990,1816,7897,7838,15735
25,Cundinamarca,Tocancipá,25817,2005,urbano,1308,1020,1166,158,1362,1095,1305,176,3652,3938,7590
25,Cundinamarca,Tocancipá,25817,2005,rural,2640,1798,2277,355,2550,1879,2383,391,7070,7203,14273
25,Cundinamarca,Tocancipá,25817,2005,total,3948,2818,3443,513,3912,2974,3688,567,10722,11141,21863
25,Cundinamarca,Tocancipá,25817,2018,urbano,1950,2366,2831,455,1746,2350,3058,599,7602,7753,15355
25,Cundinamarca,Tocancipá,25817,2018,rural,3428,3514,4527,765,3354,3455,4708,890,12234,12407,24641
25,Cundinamarca,Tocancipá,25817,2018,total,5378,5880,7358,1220,5100,5805,7766,1489,19836,20160,39996
25,Cundinamarca,Topaipí,25823,2005,urbano,93,56,56,33,96,41,57,34,238,228,466
25,Cundinamarca,Topaipí,25823,2005,rural,618,383,746,443,581,299,629,330,2190,1839,4029
25,Cundinamarca,Topaipí,25823,2005,total,711,439,802,476,677,340,686,364,2428,2067,4495
25,Cundinamarca,Topaipí,25823,2018,urbano,82,73,128,70,64,71,122,64,353,321,674
25,Cundinamarca,Topaipí,25823,2018,rural,345,309,706,499,353,282,556,415,1859,1606,3465
25,Cundinamarca,Topaipí,25823,2018,total,427,382,834,569,417,353,678,479,2212,1927,4139
25,Cundinamarca,Ubalá,25839,2005,urbano,114,318,153,57,151,109,176,63,642,499,1141
25,Cundinamarca,Ubalá,25839,2005,rural,1304,951,1237,672,1161,765,1182,534,4164,3642,7806
25,Cundinamarca,Ubalá,25839,2005,total,1418,1269,1390,729,1312,874,1358,597,4806,4141,8947
25,Cundinamarca,Ubalá,25839,2018,urbano,101,455,208,102,104,128,235,99,866,566,1432
25,Cundinamarca,Ubalá,25839,2018,rural,754,642,1122,724,701,602,1077,663,3242,3043,6285
25,Cundinamarca,Ubalá,25839,2018,total,855,1097,1330,826,805,730,1312,762,4108,3609,7717
25,Cundinamarca,Ubaque,25841,2005,urbano,120,59,139,40,107,76,149,50,358,382,740
25,Cundinamarca,Ubaque,25841,2005,rural,891,611,951,493,793,523,887,444,2946,2647,5593
25,Cundinamarca,Ubaque,25841,2005,total,1011,670,1090,533,900,599,1036,494,3304,3029,6333
25,Cundinamarca,Ubaque,25841,2018,urbano,117,136,197,83,102,123,220,116,533,561,1094
25,Cundinamarca,Ubaque,25841,2018,rural,713,578,1102,596,572,509,1011,552,2989,2644,5633
25,Cundinamarca,Ubaque,25841,2018,total,830,714,1299,679,674,632,1231,668,3522,3205,6727
25,Cundinamarca,Villa de San Diego de Ubaté,25843,2005,urbano,2734,2289,2932,632,2880,2652,3376,858,8587,9766,18353
25,Cundinamarca,Villa de San Diego de Ubaté,25843,2005,rural,1607,1104,1446,460,1555,1088,1452,488,4617,4583,9200
25,Cundinamarca,Villa de San Diego de Ubaté,25843,2005,total,4341,3393,4378,1092,4435,3740,4828,1346,13204,14349,27553
25,Cundinamarca,Villa de San Diego de Ubaté,25843,2018,urbano,3951,4037,5545,1346,3879,4289,6222,1773,14879,16163,31042
25,Cundinamarca,Villa de San Diego de Ubaté,25843,2018,rural,1547,1421,2113,729,1430,1382,2087,807,5810,5706,11516
25,Cundinamarca,Villa de San Diego de Ubaté,25843,2018,total,5498,5458,7658,2075,5309,5671,8309,2580,20689,21869,42558
25,Cundinamarca,Une,25845,2005,urbano,385,315,498,147,344,261,448,151,1345,1204,2549
25,Cundinamarca,Une,25845,2005,rural,565,343,656,267,547,305,538,226,1831,1616,3447
25,Cundinamarca,Une,25845,2005,total,950,658,1154,414,891,566,986,377,3176,2820,5996
25,Cundinamarca,Une,25845,2018,urbano,404,461,709,270,402,453,666,253,1844,1774,3618
25,Cundinamarca,Une,25845,2018,rural,382,391,688,320,358,356,549,283,1781,1546,3327
25,Cundinamarca,Une,25845,2018,total,786,852,1397,590,760,809,1215,536,3625,3320,6945
25,Cundinamarca,Útica,25851,2005,urbano,249,184,366,176,272,182,406,200,975,1060,2035
25,Cundinamarca,Útica,25851,2005,rural,231,156,459,247,240,143,316,159,1093,858,1951
25,Cundinamarca,Útica,25851,2005,total,480,340,825,423,512,325,722,359,2068,1918,3986
25,Cundinamarca,Útica,25851,2018,urbano,227,245,435,276,236,238,469,280,1183,1223,2406
25,Cundinamarca,Útica,25851,2018,rural,152,170,420,289,184,136,279,210,1031,809,1840
25,Cundinamarca,Útica,25851,2018,total,379,415,855,565,420,374,748,490,2214,2032,4246
25,Cundinamarca,Vergara,25862,2005,urbano,129,116,165,66,136,111,199,83,476,529,1005
25,Cundinamarca,Vergara,25862,2005,rural,823,587,1214,618,863,495,1028,516,3242,2902,6144
25,Cundinamarca,Vergara,25862,2005,total,952,703,1379,684,999,606,1227,599,3718,3431,7149
25,Cundinamarca,Vergara,25862,2018,urbano,117,123,208,125,123,123,243,151,573,640,1213
25,Cundinamarca,Vergara,25862,2018,rural,591,491,1127,802,547,436,952,688,3011,2623,5634
25,Cundinamarca,Vergara,25862,2018,total,708,614,1335,927,670,559,1195,839,3584,3263,6847
25,Cundinamarca,Vianí,25867,2005,urbano,161,92,134,57,167,106,184,88,444,545,989
25,Cundinamarca,Vianí,25867,2005,rural,396,207,471,293,361,204,365,210,1367,1140,2507
25,Cundinamarca,Vianí,25867,2005,total,557,299,605,350,528,310,549,298,1811,1685,3496
25,Cundinamarca,Vianí,25867,2018,urbano,153,129,262,129,167,176,284,149,673,776,1449
25,Cundinamarca,Vianí,25867,2018,rural,322,253,522,480,318,224,448,323,1577,1313,2890
25,Cundinamarca,Vianí,25867,2018,total,475,382,784,609,485,400,732,472,2250,2089,4339
25,Cundinamarca,Villagómez,25871,2005,urbano,74,68,73,35,70,52,92,45,250,259,509
25,Cundinamarca,Villagómez,25871,2005,rural,217,117,212,146,226,122,215,93,692,656,1348
25,Cundinamarca,Villagómez,25871,2005,total,291,185,285,181,296,174,307,138,942,915,1857
25,Cundinamarca,Villagómez,25871,2018,urbano,58,60,102,60,56,72,120,82,280,330,610
25,Cundinamarca,Villagómez,25871,2018,rural,146,104,212,167,134,82,180,123,629,519,1148
25,Cundinamarca,Villagómez,25871,2018,total,204,164,314,227,190,154,300,205,909,849,1758
25,Cundinamarca,Villapinzón,25873,2005,urbano,618,527,672,142,613,579,749,190,1959,2131,4090
25,Cundinamarca,Villapinzón,25873,2005,rural,1998,1058,1561,461,1761,1060,1478,467,5078,4766,9844
25,Cundinamarca,Villapinzón,25873,2005,total,2616,1585,2233,603,2374,1639,2227,657,7037,6897,13934
25,Cundinamarca,Villapinzón,25873,2018,urbano,832,830,1133,300,796,827,1252,403,3095,3278,6373
25,Cundinamarca,Villapinzón,25873,2018,rural,1600,1395,1858,713,1554,1225,1753,716,5566,5248,10814
25,Cundinamarca,Villapinzón,25873,2018,total,2432,2225,2991,1013,2350,2052,3005,1119,8661,8526,17187
25,Cundinamarca,Villeta,25875,2005,urbano,1690,1300,1955,652,1666,1421,2373,766,5597,6226,11823
25,Cundinamarca,Villeta,25875,2005,rural,1337,806,1594,791,1168,783,1320,555,4528,3826,8354
25,Cundinamarca,Villeta,25875,2005,total,3027,2106,3549,1443,2834,2204,3693,1321,10125,10052,20177
25,Cundinamarca,Villeta,25875,2018,urbano,1934,2164,3289,1237,1889,2157,3717,1598,8624,9361,17985
25,Cundinamarca,Villeta,25875,2018,rural,998,912,1819,1092,894,819,1501,853,4821,4067,8888
25,Cundinamarca,Villeta,25875,2018,total,2932,3076,5108,2329,2783,2976,5218,2451,13445,13428,26873
25,Cundinamarca,Viotá,25878,2005,urbano,536,347,466,210,529,337,591,267,1559,1724,3283
25,Cundinamarca,Viotá,25878,2005,rural,1451,772,1589,1075,1400,804,1497,732,4887,4433,9320
25,Cundinamarca,Viotá,25878,2005,total,1987,1119,2055,1285,1929,1141,2088,999,6446,6157,12603
25,Cundinamarca,Viotá,25878,2018,urbano,456,510,743,349,462,490,835,441,2058,2228,4286
25,Cundinamarca,Viotá,25878,2018,rural,984,813,1609,1316,1012,706,1495,1013,4722,4226,8948
25,Cundinamarca,Viotá,25878,2018,total,1440,1323,2352,1665,1474,1196,2330,1454,6780,6454,13234
25,Cundinamarca,Yacopí,25885,2005,urbano,391,201,303,102,378,246,363,145,997,1132,2129
25,Cundinamarca,Yacopí,25885,2005,rural,1860,1235,2121,874,1698,1107,1909,709,6090,5423,11513
25,Cundinamarca,Yacopí,25885,2005,total,2251,1436,2424,976,2076,1353,2272,854,7087,6555,13642
25,Cundinamarca,Yacopí,25885,2018,urbano,278,311,481,224,308,308,611,327,1294,1554,2848
25,Cundinamarca,Yacopí,25885,2018,rural,1180,874,1960,1097,1001,772,1661,929,5111,4363,9474
25,Cundinamarca,Yacopí,25885,2018,total,1458,1185,2441,1321,1309,1080,2272,1256,6405,5917,12322
25,Cundinamarca,Zipacón,25898,2005,urbano,153,134,158,56,148,120,184,57,501,509,1010
25,Cundinamarca,Zipacón,25898,2005,rural,413,246,504,258,418,254,453,194,1421,1319,2740
25,Cundinamarca,Zipacón,25898,2005,total,566,380,662,314,566,374,637,251,1922,1828,3750
25,Cundinamarca,Zipacón,25898,2018,urbano,135,181,213,86,109,139,255,110,615,613,1228
25,Cundinamarca,Zipacón,25898,2018,rural,434,342,609,371,369,342,596,368,1756,1675,3431
25,Cundinamarca,Zipacón,25898,2018,total,569,523,822,457,478,481,851,478,2371,2288,4659
25,Cundinamarca,Zipaquirá,25899,2005,urbano,9383,8111,11250,2318,9263,8817,13371,2939,31062,34390,65452
25,Cundinamarca,Zipaquirá,25899,2005,rural,2748,1935,2736,679,2631,1990,2725,575,8098,7921,16019
25,Cundinamarca,Zipaquirá,25899,2005,total,12131,10046,13986,2997,11894,10807,16096,3514,39160,42311,81471
25,Cundinamarca,Zipaquirá,25899,2018,urbano,11913,14150,20022,5204,11375,14214,22607,6976,51289,55172,106461
25,Cundinamarca,Zipaquirá,25899,2018,rural,3439,3091,4272,1200,3260,3137,4417,1260,12002,12074,24076
25,Cundinamarca,Zipaquirá,25899,2018,total,15352,17241,24294,6404,14635,17351,27024,8236,63291,67246,130537
